Feature,Category
AIRCRAFT_TYPE,10
AIRCRAFT_TYPE,102
AIRCRAFT_TYPE,117
AIRCRAFT_TYPE,121
AIRCRAFT_TYPE,125
AIRCRAFT_TYPE,131
AIRCRAFT_TYPE,170
AIRCRAFT_TYPE,194
AIRCRAFT_TYPE,26
AIRCRAFT_TYPE,30
AIRCRAFT_TYPE,33
AIRCRAFT_TYPE,339
AIRCRAFT_TYPE,34
AIRCRAFT_TYPE,35
AIRCRAFT_TYPE,359
AIRCRAFT_TYPE,36
AIRCRAFT_TYPE,39
AIRCRAFT_TYPE,40
AIRCRAFT_TYPE,405
AIRCRAFT_TYPE,406
AIRCRAFT_TYPE,409
AIRCRAFT_TYPE,410
AIRCRAFT_TYPE,415
AIRCRAFT_TYPE,416
AIRCRAFT_TYPE,417
AIRCRAFT_TYPE,418
AIRCRAFT_TYPE,42
AIRCRAFT_TYPE,421
AIRCRAFT_TYPE,432
AIRCRAFT_TYPE,441
AIRCRAFT_TYPE,442
AIRCRAFT_TYPE,449
AIRCRAFT_TYPE,455
AIRCRAFT_TYPE,456
AIRCRAFT_TYPE,458
AIRCRAFT_TYPE,461
AIRCRAFT_TYPE,469
AIRCRAFT_TYPE,479
AIRCRAFT_TYPE,482
AIRCRAFT_TYPE,483
AIRCRAFT_TYPE,484
AIRCRAFT_TYPE,485
AIRCRAFT_TYPE,489
AIRCRAFT_TYPE,491
AIRCRAFT_TYPE,530
AIRCRAFT_TYPE,603
AIRCRAFT_TYPE,608
AIRCRAFT_TYPE,612
AIRCRAFT_TYPE,614
AIRCRAFT_TYPE,615
AIRCRAFT_TYPE,616
AIRCRAFT_TYPE,617
AIRCRAFT_TYPE,619
AIRCRAFT_TYPE,620
AIRCRAFT_TYPE,622
AIRCRAFT_TYPE,623
AIRCRAFT_TYPE,624
AIRCRAFT_TYPE,625
AIRCRAFT_TYPE,626
AIRCRAFT_TYPE,627
AIRCRAFT_TYPE,628
AIRCRAFT_TYPE,629
AIRCRAFT_TYPE,631
AIRCRAFT_TYPE,632
AIRCRAFT_TYPE,633
AIRCRAFT_TYPE,634
AIRCRAFT_TYPE,637
AIRCRAFT_TYPE,638
AIRCRAFT_TYPE,640
AIRCRAFT_TYPE,644
AIRCRAFT_TYPE,645
AIRCRAFT_TYPE,650
AIRCRAFT_TYPE,655
AIRCRAFT_TYPE,656
AIRCRAFT_TYPE,657
AIRCRAFT_TYPE,658
AIRCRAFT_TYPE,669
AIRCRAFT_TYPE,673
AIRCRAFT_TYPE,674
AIRCRAFT_TYPE,675
AIRCRAFT_TYPE,676
AIRCRAFT_TYPE,677
AIRCRAFT_TYPE,678
AIRCRAFT_TYPE,685
AIRCRAFT_TYPE,687
AIRCRAFT_TYPE,693
AIRCRAFT_TYPE,694
AIRCRAFT_TYPE,696
AIRCRAFT_TYPE,697
AIRCRAFT_TYPE,698
AIRCRAFT_TYPE,699
AIRCRAFT_TYPE,714
AIRCRAFT_TYPE,721
AIRCRAFT_TYPE,722
AIRCRAFT_TYPE,723
AIRCRAFT_TYPE,724
AIRCRAFT_TYPE,740
AIRCRAFT_TYPE,748
AIRCRAFT_TYPE,79
AIRCRAFT_TYPE,817
AIRCRAFT_TYPE,819
AIRCRAFT_TYPE,821
AIRCRAFT_TYPE,822
AIRCRAFT_TYPE,824
AIRCRAFT_TYPE,836
AIRCRAFT_TYPE,837
AIRCRAFT_TYPE,838
AIRCRAFT_TYPE,839
AIRCRAFT_TYPE,871
AIRCRAFT_TYPE,872
AIRCRAFT_TYPE,873
AIRCRAFT_TYPE,874
AIRCRAFT_TYPE,880
AIRCRAFT_TYPE,882
AIRCRAFT_TYPE,887
AIRCRAFT_TYPE,888
AIRCRAFT_TYPE,889
AIRCRAFT_TYPE,894
AIRCRAFT_TYPE,91
AIRCRAFT_GROUP,0
AIRCRAFT_GROUP,1
AIRCRAFT_GROUP,4
AIRCRAFT_GROUP,6
AIRCRAFT_GROUP,7
AIRCRAFT_GROUP,8
DISTANCE_GROUP,1
DISTANCE_GROUP,10
DISTANCE_GROUP,11
DISTANCE_GROUP,12
DISTANCE_GROUP,13
DISTANCE_GROUP,14
DISTANCE_GROUP,15
DISTANCE_GROUP,16
DISTANCE_GROUP,17
DISTANCE_GROUP,18
DISTANCE_GROUP,19
DISTANCE_GROUP,2
DISTANCE_GROUP,3
DISTANCE_GROUP,4
DISTANCE_GROUP,5
DISTANCE_GROUP,6
DISTANCE_GROUP,7
DISTANCE_GROUP,8
DISTANCE_GROUP,9
ORIGIN_AIRPORT_ID,10005
ORIGIN_AIRPORT_ID,10011
ORIGIN_AIRPORT_ID,10056
ORIGIN_AIRPORT_ID,10135
ORIGIN_AIRPORT_ID,10136
ORIGIN_AIRPORT_ID,10139
ORIGIN_AIRPORT_ID,10140
ORIGIN_AIRPORT_ID,10141
ORIGIN_AIRPORT_ID,10146
ORIGIN_AIRPORT_ID,10148
ORIGIN_AIRPORT_ID,10150
ORIGIN_AIRPORT_ID,10154
ORIGIN_AIRPORT_ID,10155
ORIGIN_AIRPORT_ID,10157
ORIGIN_AIRPORT_ID,10158
ORIGIN_AIRPORT_ID,10162
ORIGIN_AIRPORT_ID,10165
ORIGIN_AIRPORT_ID,10170
ORIGIN_AIRPORT_ID,10184
ORIGIN_AIRPORT_ID,10185
ORIGIN_AIRPORT_ID,10194
ORIGIN_AIRPORT_ID,10204
ORIGIN_AIRPORT_ID,10208
ORIGIN_AIRPORT_ID,10210
ORIGIN_AIRPORT_ID,10216
ORIGIN_AIRPORT_ID,10221
ORIGIN_AIRPORT_ID,10225
ORIGIN_AIRPORT_ID,10237
ORIGIN_AIRPORT_ID,10241
ORIGIN_AIRPORT_ID,10243
ORIGIN_AIRPORT_ID,10244
ORIGIN_AIRPORT_ID,10245
ORIGIN_AIRPORT_ID,10247
ORIGIN_AIRPORT_ID,10257
ORIGIN_AIRPORT_ID,10266
ORIGIN_AIRPORT_ID,10268
ORIGIN_AIRPORT_ID,10272
ORIGIN_AIRPORT_ID,10275
ORIGIN_AIRPORT_ID,10278
ORIGIN_AIRPORT_ID,10279
ORIGIN_AIRPORT_ID,10287
ORIGIN_AIRPORT_ID,10292
ORIGIN_AIRPORT_ID,10299
ORIGIN_AIRPORT_ID,10304
ORIGIN_AIRPORT_ID,10312
ORIGIN_AIRPORT_ID,10313
ORIGIN_AIRPORT_ID,10322
ORIGIN_AIRPORT_ID,10324
ORIGIN_AIRPORT_ID,10329
ORIGIN_AIRPORT_ID,10333
ORIGIN_AIRPORT_ID,10338
ORIGIN_AIRPORT_ID,10349
ORIGIN_AIRPORT_ID,10357
ORIGIN_AIRPORT_ID,10361
ORIGIN_AIRPORT_ID,10372
ORIGIN_AIRPORT_ID,10386
ORIGIN_AIRPORT_ID,10394
ORIGIN_AIRPORT_ID,10396
ORIGIN_AIRPORT_ID,10397
ORIGIN_AIRPORT_ID,10405
ORIGIN_AIRPORT_ID,10408
ORIGIN_AIRPORT_ID,10409
ORIGIN_AIRPORT_ID,10411
ORIGIN_AIRPORT_ID,10414
ORIGIN_AIRPORT_ID,10415
ORIGIN_AIRPORT_ID,10416
ORIGIN_AIRPORT_ID,10423
ORIGIN_AIRPORT_ID,10431
ORIGIN_AIRPORT_ID,10434
ORIGIN_AIRPORT_ID,10444
ORIGIN_AIRPORT_ID,10448
ORIGIN_AIRPORT_ID,10466
ORIGIN_AIRPORT_ID,10469
ORIGIN_AIRPORT_ID,10470
ORIGIN_AIRPORT_ID,10486
ORIGIN_AIRPORT_ID,10517
ORIGIN_AIRPORT_ID,10521
ORIGIN_AIRPORT_ID,10529
ORIGIN_AIRPORT_ID,10535
ORIGIN_AIRPORT_ID,10540
ORIGIN_AIRPORT_ID,10542
ORIGIN_AIRPORT_ID,10545
ORIGIN_AIRPORT_ID,10551
ORIGIN_AIRPORT_ID,10556
ORIGIN_AIRPORT_ID,10557
ORIGIN_AIRPORT_ID,10558
ORIGIN_AIRPORT_ID,10559
ORIGIN_AIRPORT_ID,10561
ORIGIN_AIRPORT_ID,10562
ORIGIN_AIRPORT_ID,10568
ORIGIN_AIRPORT_ID,10570
ORIGIN_AIRPORT_ID,10575
ORIGIN_AIRPORT_ID,10577
ORIGIN_AIRPORT_ID,10581
ORIGIN_AIRPORT_ID,10589
ORIGIN_AIRPORT_ID,10590
ORIGIN_AIRPORT_ID,10599
ORIGIN_AIRPORT_ID,10608
ORIGIN_AIRPORT_ID,10613
ORIGIN_AIRPORT_ID,10617
ORIGIN_AIRPORT_ID,10620
ORIGIN_AIRPORT_ID,10621
ORIGIN_AIRPORT_ID,10627
ORIGIN_AIRPORT_ID,10631
ORIGIN_AIRPORT_ID,10638
ORIGIN_AIRPORT_ID,10640
ORIGIN_AIRPORT_ID,10643
ORIGIN_AIRPORT_ID,10654
ORIGIN_AIRPORT_ID,10658
ORIGIN_AIRPORT_ID,10661
ORIGIN_AIRPORT_ID,10666
ORIGIN_AIRPORT_ID,10674
ORIGIN_AIRPORT_ID,10676
ORIGIN_AIRPORT_ID,10683
ORIGIN_AIRPORT_ID,10685
ORIGIN_AIRPORT_ID,10693
ORIGIN_AIRPORT_ID,10696
ORIGIN_AIRPORT_ID,10711
ORIGIN_AIRPORT_ID,10713
ORIGIN_AIRPORT_ID,10716
ORIGIN_AIRPORT_ID,10717
ORIGIN_AIRPORT_ID,10721
ORIGIN_AIRPORT_ID,10728
ORIGIN_AIRPORT_ID,10731
ORIGIN_AIRPORT_ID,10732
ORIGIN_AIRPORT_ID,10739
ORIGIN_AIRPORT_ID,10744
ORIGIN_AIRPORT_ID,10747
ORIGIN_AIRPORT_ID,10752
ORIGIN_AIRPORT_ID,10754
ORIGIN_AIRPORT_ID,10758
ORIGIN_AIRPORT_ID,10770
ORIGIN_AIRPORT_ID,10775
ORIGIN_AIRPORT_ID,10779
ORIGIN_AIRPORT_ID,10781
ORIGIN_AIRPORT_ID,10783
ORIGIN_AIRPORT_ID,10785
ORIGIN_AIRPORT_ID,10790
ORIGIN_AIRPORT_ID,10792
ORIGIN_AIRPORT_ID,10800
ORIGIN_AIRPORT_ID,10821
ORIGIN_AIRPORT_ID,10846
ORIGIN_AIRPORT_ID,10849
ORIGIN_AIRPORT_ID,10868
ORIGIN_AIRPORT_ID,10872
ORIGIN_AIRPORT_ID,10874
ORIGIN_AIRPORT_ID,10877
ORIGIN_AIRPORT_ID,10878
ORIGIN_AIRPORT_ID,10910
ORIGIN_AIRPORT_ID,10911
ORIGIN_AIRPORT_ID,10916
ORIGIN_AIRPORT_ID,10917
ORIGIN_AIRPORT_ID,10918
ORIGIN_AIRPORT_ID,10920
ORIGIN_AIRPORT_ID,10925
ORIGIN_AIRPORT_ID,10926
ORIGIN_AIRPORT_ID,10929
ORIGIN_AIRPORT_ID,10930
ORIGIN_AIRPORT_ID,10938
ORIGIN_AIRPORT_ID,10950
ORIGIN_AIRPORT_ID,10951
ORIGIN_AIRPORT_ID,10961
ORIGIN_AIRPORT_ID,10965
ORIGIN_AIRPORT_ID,10967
ORIGIN_AIRPORT_ID,10980
ORIGIN_AIRPORT_ID,10990
ORIGIN_AIRPORT_ID,10994
ORIGIN_AIRPORT_ID,10996
ORIGIN_AIRPORT_ID,11003
ORIGIN_AIRPORT_ID,11007
ORIGIN_AIRPORT_ID,11013
ORIGIN_AIRPORT_ID,11027
ORIGIN_AIRPORT_ID,11028
ORIGIN_AIRPORT_ID,11032
ORIGIN_AIRPORT_ID,11036
ORIGIN_AIRPORT_ID,11041
ORIGIN_AIRPORT_ID,11042
ORIGIN_AIRPORT_ID,11049
ORIGIN_AIRPORT_ID,11050
ORIGIN_AIRPORT_ID,11052
ORIGIN_AIRPORT_ID,11053
ORIGIN_AIRPORT_ID,11057
ORIGIN_AIRPORT_ID,11063
ORIGIN_AIRPORT_ID,11066
ORIGIN_AIRPORT_ID,11067
ORIGIN_AIRPORT_ID,11070
ORIGIN_AIRPORT_ID,11075
ORIGIN_AIRPORT_ID,11076
ORIGIN_AIRPORT_ID,11082
ORIGIN_AIRPORT_ID,11085
ORIGIN_AIRPORT_ID,11092
ORIGIN_AIRPORT_ID,11097
ORIGIN_AIRPORT_ID,11108
ORIGIN_AIRPORT_ID,11109
ORIGIN_AIRPORT_ID,11111
ORIGIN_AIRPORT_ID,11118
ORIGIN_AIRPORT_ID,11122
ORIGIN_AIRPORT_ID,11124
ORIGIN_AIRPORT_ID,11126
ORIGIN_AIRPORT_ID,11140
ORIGIN_AIRPORT_ID,11146
ORIGIN_AIRPORT_ID,11150
ORIGIN_AIRPORT_ID,11164
ORIGIN_AIRPORT_ID,11170
ORIGIN_AIRPORT_ID,11172
ORIGIN_AIRPORT_ID,11180
ORIGIN_AIRPORT_ID,11185
ORIGIN_AIRPORT_ID,11187
ORIGIN_AIRPORT_ID,11193
ORIGIN_AIRPORT_ID,11197
ORIGIN_AIRPORT_ID,11203
ORIGIN_AIRPORT_ID,11214
ORIGIN_AIRPORT_ID,11215
ORIGIN_AIRPORT_ID,11216
ORIGIN_AIRPORT_ID,11223
ORIGIN_AIRPORT_ID,11225
ORIGIN_AIRPORT_ID,11227
ORIGIN_AIRPORT_ID,11230
ORIGIN_AIRPORT_ID,11233
ORIGIN_AIRPORT_ID,11241
ORIGIN_AIRPORT_ID,11244
ORIGIN_AIRPORT_ID,11245
ORIGIN_AIRPORT_ID,11252
ORIGIN_AIRPORT_ID,11259
ORIGIN_AIRPORT_ID,11267
ORIGIN_AIRPORT_ID,11274
ORIGIN_AIRPORT_ID,11278
ORIGIN_AIRPORT_ID,11283
ORIGIN_AIRPORT_ID,11288
ORIGIN_AIRPORT_ID,11290
ORIGIN_AIRPORT_ID,11292
ORIGIN_AIRPORT_ID,11298
ORIGIN_AIRPORT_ID,11301
ORIGIN_AIRPORT_ID,11308
ORIGIN_AIRPORT_ID,11315
ORIGIN_AIRPORT_ID,11332
ORIGIN_AIRPORT_ID,11336
ORIGIN_AIRPORT_ID,11337
ORIGIN_AIRPORT_ID,11345
ORIGIN_AIRPORT_ID,11348
ORIGIN_AIRPORT_ID,11367
ORIGIN_AIRPORT_ID,11369
ORIGIN_AIRPORT_ID,11372
ORIGIN_AIRPORT_ID,11392
ORIGIN_AIRPORT_ID,11411
ORIGIN_AIRPORT_ID,11413
ORIGIN_AIRPORT_ID,11415
ORIGIN_AIRPORT_ID,11421
ORIGIN_AIRPORT_ID,11423
ORIGIN_AIRPORT_ID,11431
ORIGIN_AIRPORT_ID,11433
ORIGIN_AIRPORT_ID,11435
ORIGIN_AIRPORT_ID,11441
ORIGIN_AIRPORT_ID,11444
ORIGIN_AIRPORT_ID,11445
ORIGIN_AIRPORT_ID,11447
ORIGIN_AIRPORT_ID,11453
ORIGIN_AIRPORT_ID,11455
ORIGIN_AIRPORT_ID,11463
ORIGIN_AIRPORT_ID,11468
ORIGIN_AIRPORT_ID,11470
ORIGIN_AIRPORT_ID,11471
ORIGIN_AIRPORT_ID,11481
ORIGIN_AIRPORT_ID,11484
ORIGIN_AIRPORT_ID,11488
ORIGIN_AIRPORT_ID,11492
ORIGIN_AIRPORT_ID,11495
ORIGIN_AIRPORT_ID,11503
ORIGIN_AIRPORT_ID,11511
ORIGIN_AIRPORT_ID,11512
ORIGIN_AIRPORT_ID,11519
ORIGIN_AIRPORT_ID,11525
ORIGIN_AIRPORT_ID,11531
ORIGIN_AIRPORT_ID,11534
ORIGIN_AIRPORT_ID,11535
ORIGIN_AIRPORT_ID,11537
ORIGIN_AIRPORT_ID,11540
ORIGIN_AIRPORT_ID,11545
ORIGIN_AIRPORT_ID,11547
ORIGIN_AIRPORT_ID,11550
ORIGIN_AIRPORT_ID,11555
ORIGIN_AIRPORT_ID,11559
ORIGIN_AIRPORT_ID,11577
ORIGIN_AIRPORT_ID,11587
ORIGIN_AIRPORT_ID,11588
ORIGIN_AIRPORT_ID,11603
ORIGIN_AIRPORT_ID,11612
ORIGIN_AIRPORT_ID,11615
ORIGIN_AIRPORT_ID,11617
ORIGIN_AIRPORT_ID,11618
ORIGIN_AIRPORT_ID,11619
ORIGIN_AIRPORT_ID,11624
ORIGIN_AIRPORT_ID,11625
ORIGIN_AIRPORT_ID,11630
ORIGIN_AIRPORT_ID,11637
ORIGIN_AIRPORT_ID,11638
ORIGIN_AIRPORT_ID,11641
ORIGIN_AIRPORT_ID,11646
ORIGIN_AIRPORT_ID,11648
ORIGIN_AIRPORT_ID,11651
ORIGIN_AIRPORT_ID,11654
ORIGIN_AIRPORT_ID,11671
ORIGIN_AIRPORT_ID,11684
ORIGIN_AIRPORT_ID,11695
ORIGIN_AIRPORT_ID,11697
ORIGIN_AIRPORT_ID,11699
ORIGIN_AIRPORT_ID,11711
ORIGIN_AIRPORT_ID,11716
ORIGIN_AIRPORT_ID,11719
ORIGIN_AIRPORT_ID,11720
ORIGIN_AIRPORT_ID,11721
ORIGIN_AIRPORT_ID,11724
ORIGIN_AIRPORT_ID,11725
ORIGIN_AIRPORT_ID,11726
ORIGIN_AIRPORT_ID,11730
ORIGIN_AIRPORT_ID,11731
ORIGIN_AIRPORT_ID,11760
ORIGIN_AIRPORT_ID,11762
ORIGIN_AIRPORT_ID,11764
ORIGIN_AIRPORT_ID,11775
ORIGIN_AIRPORT_ID,11778
ORIGIN_AIRPORT_ID,11793
ORIGIN_AIRPORT_ID,11823
ORIGIN_AIRPORT_ID,11827
ORIGIN_AIRPORT_ID,11833
ORIGIN_AIRPORT_ID,11844
ORIGIN_AIRPORT_ID,11845
ORIGIN_AIRPORT_ID,11856
ORIGIN_AIRPORT_ID,11859
ORIGIN_AIRPORT_ID,11865
ORIGIN_AIRPORT_ID,11867
ORIGIN_AIRPORT_ID,11868
ORIGIN_AIRPORT_ID,11869
ORIGIN_AIRPORT_ID,11874
ORIGIN_AIRPORT_ID,11879
ORIGIN_AIRPORT_ID,11884
ORIGIN_AIRPORT_ID,11888
ORIGIN_AIRPORT_ID,11898
ORIGIN_AIRPORT_ID,11905
ORIGIN_AIRPORT_ID,11907
ORIGIN_AIRPORT_ID,11910
ORIGIN_AIRPORT_ID,11911
ORIGIN_AIRPORT_ID,11915
ORIGIN_AIRPORT_ID,11921
ORIGIN_AIRPORT_ID,11924
ORIGIN_AIRPORT_ID,11928
ORIGIN_AIRPORT_ID,11931
ORIGIN_AIRPORT_ID,11941
ORIGIN_AIRPORT_ID,11950
ORIGIN_AIRPORT_ID,11952
ORIGIN_AIRPORT_ID,11953
ORIGIN_AIRPORT_ID,11961
ORIGIN_AIRPORT_ID,11973
ORIGIN_AIRPORT_ID,11977
ORIGIN_AIRPORT_ID,11980
ORIGIN_AIRPORT_ID,11982
ORIGIN_AIRPORT_ID,11986
ORIGIN_AIRPORT_ID,11988
ORIGIN_AIRPORT_ID,11995
ORIGIN_AIRPORT_ID,11996
ORIGIN_AIRPORT_ID,11997
ORIGIN_AIRPORT_ID,12003
ORIGIN_AIRPORT_ID,12007
ORIGIN_AIRPORT_ID,12010
ORIGIN_AIRPORT_ID,12012
ORIGIN_AIRPORT_ID,12016
ORIGIN_AIRPORT_ID,12018
ORIGIN_AIRPORT_ID,12026
ORIGIN_AIRPORT_ID,12051
ORIGIN_AIRPORT_ID,12052
ORIGIN_AIRPORT_ID,12055
ORIGIN_AIRPORT_ID,12066
ORIGIN_AIRPORT_ID,12073
ORIGIN_AIRPORT_ID,12087
ORIGIN_AIRPORT_ID,12094
ORIGIN_AIRPORT_ID,12101
ORIGIN_AIRPORT_ID,12115
ORIGIN_AIRPORT_ID,12119
ORIGIN_AIRPORT_ID,12124
ORIGIN_AIRPORT_ID,12127
ORIGIN_AIRPORT_ID,12129
ORIGIN_AIRPORT_ID,12133
ORIGIN_AIRPORT_ID,12141
ORIGIN_AIRPORT_ID,12143
ORIGIN_AIRPORT_ID,12156
ORIGIN_AIRPORT_ID,12164
ORIGIN_AIRPORT_ID,12169
ORIGIN_AIRPORT_ID,12171
ORIGIN_AIRPORT_ID,12173
ORIGIN_AIRPORT_ID,12174
ORIGIN_AIRPORT_ID,12175
ORIGIN_AIRPORT_ID,12177
ORIGIN_AIRPORT_ID,12180
ORIGIN_AIRPORT_ID,12184
ORIGIN_AIRPORT_ID,12185
ORIGIN_AIRPORT_ID,12190
ORIGIN_AIRPORT_ID,12191
ORIGIN_AIRPORT_ID,12195
ORIGIN_AIRPORT_ID,12197
ORIGIN_AIRPORT_ID,12206
ORIGIN_AIRPORT_ID,12207
ORIGIN_AIRPORT_ID,12214
ORIGIN_AIRPORT_ID,12217
ORIGIN_AIRPORT_ID,12223
ORIGIN_AIRPORT_ID,12235
ORIGIN_AIRPORT_ID,12239
ORIGIN_AIRPORT_ID,12244
ORIGIN_AIRPORT_ID,12245
ORIGIN_AIRPORT_ID,12250
ORIGIN_AIRPORT_ID,12252
ORIGIN_AIRPORT_ID,12253
ORIGIN_AIRPORT_ID,12255
ORIGIN_AIRPORT_ID,12264
ORIGIN_AIRPORT_ID,12265
ORIGIN_AIRPORT_ID,12266
ORIGIN_AIRPORT_ID,12268
ORIGIN_AIRPORT_ID,12277
ORIGIN_AIRPORT_ID,12278
ORIGIN_AIRPORT_ID,12280
ORIGIN_AIRPORT_ID,12294
ORIGIN_AIRPORT_ID,12297
ORIGIN_AIRPORT_ID,12315
ORIGIN_AIRPORT_ID,12320
ORIGIN_AIRPORT_ID,12321
ORIGIN_AIRPORT_ID,12323
ORIGIN_AIRPORT_ID,12335
ORIGIN_AIRPORT_ID,12339
ORIGIN_AIRPORT_ID,12343
ORIGIN_AIRPORT_ID,12363
ORIGIN_AIRPORT_ID,12365
ORIGIN_AIRPORT_ID,12370
ORIGIN_AIRPORT_ID,12375
ORIGIN_AIRPORT_ID,12389
ORIGIN_AIRPORT_ID,12390
ORIGIN_AIRPORT_ID,12391
ORIGIN_AIRPORT_ID,12395
ORIGIN_AIRPORT_ID,12397
ORIGIN_AIRPORT_ID,12402
ORIGIN_AIRPORT_ID,12412
ORIGIN_AIRPORT_ID,12436
ORIGIN_AIRPORT_ID,12441
ORIGIN_AIRPORT_ID,12448
ORIGIN_AIRPORT_ID,12451
ORIGIN_AIRPORT_ID,12455
ORIGIN_AIRPORT_ID,12472
ORIGIN_AIRPORT_ID,12478
ORIGIN_AIRPORT_ID,12492
ORIGIN_AIRPORT_ID,12494
ORIGIN_AIRPORT_ID,12511
ORIGIN_AIRPORT_ID,12519
ORIGIN_AIRPORT_ID,12520
ORIGIN_AIRPORT_ID,12523
ORIGIN_AIRPORT_ID,12544
ORIGIN_AIRPORT_ID,12549
ORIGIN_AIRPORT_ID,12553
ORIGIN_AIRPORT_ID,12559
ORIGIN_AIRPORT_ID,12610
ORIGIN_AIRPORT_ID,12615
ORIGIN_AIRPORT_ID,12621
ORIGIN_AIRPORT_ID,12627
ORIGIN_AIRPORT_ID,12633
ORIGIN_AIRPORT_ID,12635
ORIGIN_AIRPORT_ID,12638
ORIGIN_AIRPORT_ID,12641
ORIGIN_AIRPORT_ID,12649
ORIGIN_AIRPORT_ID,12651
ORIGIN_AIRPORT_ID,12652
ORIGIN_AIRPORT_ID,12653
ORIGIN_AIRPORT_ID,12663
ORIGIN_AIRPORT_ID,12671
ORIGIN_AIRPORT_ID,12676
ORIGIN_AIRPORT_ID,12681
ORIGIN_AIRPORT_ID,12693
ORIGIN_AIRPORT_ID,12699
ORIGIN_AIRPORT_ID,12704
ORIGIN_AIRPORT_ID,12705
ORIGIN_AIRPORT_ID,12708
ORIGIN_AIRPORT_ID,12709
ORIGIN_AIRPORT_ID,12719
ORIGIN_AIRPORT_ID,12720
ORIGIN_AIRPORT_ID,12721
ORIGIN_AIRPORT_ID,12728
ORIGIN_AIRPORT_ID,12737
ORIGIN_AIRPORT_ID,12743
ORIGIN_AIRPORT_ID,12748
ORIGIN_AIRPORT_ID,12755
ORIGIN_AIRPORT_ID,12758
ORIGIN_AIRPORT_ID,12769
ORIGIN_AIRPORT_ID,12771
ORIGIN_AIRPORT_ID,12772
ORIGIN_AIRPORT_ID,12773
ORIGIN_AIRPORT_ID,12774
ORIGIN_AIRPORT_ID,12779
ORIGIN_AIRPORT_ID,12782
ORIGIN_AIRPORT_ID,12784
ORIGIN_AIRPORT_ID,12785
ORIGIN_AIRPORT_ID,12789
ORIGIN_AIRPORT_ID,12807
ORIGIN_AIRPORT_ID,12815
ORIGIN_AIRPORT_ID,12819
ORIGIN_AIRPORT_ID,12822
ORIGIN_AIRPORT_ID,12831
ORIGIN_AIRPORT_ID,12841
ORIGIN_AIRPORT_ID,12844
ORIGIN_AIRPORT_ID,12849
ORIGIN_AIRPORT_ID,12851
ORIGIN_AIRPORT_ID,12853
ORIGIN_AIRPORT_ID,12854
ORIGIN_AIRPORT_ID,12855
ORIGIN_AIRPORT_ID,12857
ORIGIN_AIRPORT_ID,12866
ORIGIN_AIRPORT_ID,12868
ORIGIN_AIRPORT_ID,12869
ORIGIN_AIRPORT_ID,12878
ORIGIN_AIRPORT_ID,12882
ORIGIN_AIRPORT_ID,12883
ORIGIN_AIRPORT_ID,12884
ORIGIN_AIRPORT_ID,12888
ORIGIN_AIRPORT_ID,12889
ORIGIN_AIRPORT_ID,12891
ORIGIN_AIRPORT_ID,12892
ORIGIN_AIRPORT_ID,12896
ORIGIN_AIRPORT_ID,12898
ORIGIN_AIRPORT_ID,12899
ORIGIN_AIRPORT_ID,12900
ORIGIN_AIRPORT_ID,12902
ORIGIN_AIRPORT_ID,12915
ORIGIN_AIRPORT_ID,12917
ORIGIN_AIRPORT_ID,12932
ORIGIN_AIRPORT_ID,12945
ORIGIN_AIRPORT_ID,12951
ORIGIN_AIRPORT_ID,12952
ORIGIN_AIRPORT_ID,12953
ORIGIN_AIRPORT_ID,12954
ORIGIN_AIRPORT_ID,12966
ORIGIN_AIRPORT_ID,12972
ORIGIN_AIRPORT_ID,12982
ORIGIN_AIRPORT_ID,12983
ORIGIN_AIRPORT_ID,12986
ORIGIN_AIRPORT_ID,12990
ORIGIN_AIRPORT_ID,12991
ORIGIN_AIRPORT_ID,12992
ORIGIN_AIRPORT_ID,13002
ORIGIN_AIRPORT_ID,13016
ORIGIN_AIRPORT_ID,13024
ORIGIN_AIRPORT_ID,13029
ORIGIN_AIRPORT_ID,13032
ORIGIN_AIRPORT_ID,13034
ORIGIN_AIRPORT_ID,13043
ORIGIN_AIRPORT_ID,13055
ORIGIN_AIRPORT_ID,13057
ORIGIN_AIRPORT_ID,13061
ORIGIN_AIRPORT_ID,13068
ORIGIN_AIRPORT_ID,13076
ORIGIN_AIRPORT_ID,13095
ORIGIN_AIRPORT_ID,13105
ORIGIN_AIRPORT_ID,13109
ORIGIN_AIRPORT_ID,13111
ORIGIN_AIRPORT_ID,13121
ORIGIN_AIRPORT_ID,13127
ORIGIN_AIRPORT_ID,13128
ORIGIN_AIRPORT_ID,13139
ORIGIN_AIRPORT_ID,13156
ORIGIN_AIRPORT_ID,13158
ORIGIN_AIRPORT_ID,13162
ORIGIN_AIRPORT_ID,13165
ORIGIN_AIRPORT_ID,13166
ORIGIN_AIRPORT_ID,13169
ORIGIN_AIRPORT_ID,13176
ORIGIN_AIRPORT_ID,13180
ORIGIN_AIRPORT_ID,13182
ORIGIN_AIRPORT_ID,13184
ORIGIN_AIRPORT_ID,13194
ORIGIN_AIRPORT_ID,13196
ORIGIN_AIRPORT_ID,13198
ORIGIN_AIRPORT_ID,13200
ORIGIN_AIRPORT_ID,13203
ORIGIN_AIRPORT_ID,13204
ORIGIN_AIRPORT_ID,13211
ORIGIN_AIRPORT_ID,13218
ORIGIN_AIRPORT_ID,13230
ORIGIN_AIRPORT_ID,13232
ORIGIN_AIRPORT_ID,13241
ORIGIN_AIRPORT_ID,13243
ORIGIN_AIRPORT_ID,13244
ORIGIN_AIRPORT_ID,13252
ORIGIN_AIRPORT_ID,13256
ORIGIN_AIRPORT_ID,13264
ORIGIN_AIRPORT_ID,13269
ORIGIN_AIRPORT_ID,13277
ORIGIN_AIRPORT_ID,13282
ORIGIN_AIRPORT_ID,13289
ORIGIN_AIRPORT_ID,13290
ORIGIN_AIRPORT_ID,13292
ORIGIN_AIRPORT_ID,13296
ORIGIN_AIRPORT_ID,13303
ORIGIN_AIRPORT_ID,13306
ORIGIN_AIRPORT_ID,13342
ORIGIN_AIRPORT_ID,13344
ORIGIN_AIRPORT_ID,13347
ORIGIN_AIRPORT_ID,13348
ORIGIN_AIRPORT_ID,13360
ORIGIN_AIRPORT_ID,13367
ORIGIN_AIRPORT_ID,13369
ORIGIN_AIRPORT_ID,13370
ORIGIN_AIRPORT_ID,13375
ORIGIN_AIRPORT_ID,13377
ORIGIN_AIRPORT_ID,13381
ORIGIN_AIRPORT_ID,13388
ORIGIN_AIRPORT_ID,13398
ORIGIN_AIRPORT_ID,13408
ORIGIN_AIRPORT_ID,13415
ORIGIN_AIRPORT_ID,13422
ORIGIN_AIRPORT_ID,13424
ORIGIN_AIRPORT_ID,13433
ORIGIN_AIRPORT_ID,13434
ORIGIN_AIRPORT_ID,13439
ORIGIN_AIRPORT_ID,13459
ORIGIN_AIRPORT_ID,13467
ORIGIN_AIRPORT_ID,13472
ORIGIN_AIRPORT_ID,13476
ORIGIN_AIRPORT_ID,13484
ORIGIN_AIRPORT_ID,13485
ORIGIN_AIRPORT_ID,13486
ORIGIN_AIRPORT_ID,13487
ORIGIN_AIRPORT_ID,13490
ORIGIN_AIRPORT_ID,13495
ORIGIN_AIRPORT_ID,13502
ORIGIN_AIRPORT_ID,13504
ORIGIN_AIRPORT_ID,13514
ORIGIN_AIRPORT_ID,13518
ORIGIN_AIRPORT_ID,13520
ORIGIN_AIRPORT_ID,13532
ORIGIN_AIRPORT_ID,13535
ORIGIN_AIRPORT_ID,13541
ORIGIN_AIRPORT_ID,13543
ORIGIN_AIRPORT_ID,13546
ORIGIN_AIRPORT_ID,13560
ORIGIN_AIRPORT_ID,13564
ORIGIN_AIRPORT_ID,13574
ORIGIN_AIRPORT_ID,13577
ORIGIN_AIRPORT_ID,13579
ORIGIN_AIRPORT_ID,13594
ORIGIN_AIRPORT_ID,13602
ORIGIN_AIRPORT_ID,13604
ORIGIN_AIRPORT_ID,13605
ORIGIN_AIRPORT_ID,13614
ORIGIN_AIRPORT_ID,13625
ORIGIN_AIRPORT_ID,13629
ORIGIN_AIRPORT_ID,13654
ORIGIN_AIRPORT_ID,13676
ORIGIN_AIRPORT_ID,13693
ORIGIN_AIRPORT_ID,13694
ORIGIN_AIRPORT_ID,13704
ORIGIN_AIRPORT_ID,13710
ORIGIN_AIRPORT_ID,13715
ORIGIN_AIRPORT_ID,13744
ORIGIN_AIRPORT_ID,13746
ORIGIN_AIRPORT_ID,13767
ORIGIN_AIRPORT_ID,13768
ORIGIN_AIRPORT_ID,13770
ORIGIN_AIRPORT_ID,13795
ORIGIN_AIRPORT_ID,13796
ORIGIN_AIRPORT_ID,13799
ORIGIN_AIRPORT_ID,13806
ORIGIN_AIRPORT_ID,13826
ORIGIN_AIRPORT_ID,13829
ORIGIN_AIRPORT_ID,13830
ORIGIN_AIRPORT_ID,13832
ORIGIN_AIRPORT_ID,13851
ORIGIN_AIRPORT_ID,13853
ORIGIN_AIRPORT_ID,13862
ORIGIN_AIRPORT_ID,13863
ORIGIN_AIRPORT_ID,13871
ORIGIN_AIRPORT_ID,13873
ORIGIN_AIRPORT_ID,13891
ORIGIN_AIRPORT_ID,13894
ORIGIN_AIRPORT_ID,13899
ORIGIN_AIRPORT_ID,13900
ORIGIN_AIRPORT_ID,13908
ORIGIN_AIRPORT_ID,13930
ORIGIN_AIRPORT_ID,13931
ORIGIN_AIRPORT_ID,13933
ORIGIN_AIRPORT_ID,13934
ORIGIN_AIRPORT_ID,13935
ORIGIN_AIRPORT_ID,13942
ORIGIN_AIRPORT_ID,13943
ORIGIN_AIRPORT_ID,13945
ORIGIN_AIRPORT_ID,13952
ORIGIN_AIRPORT_ID,13964
ORIGIN_AIRPORT_ID,13968
ORIGIN_AIRPORT_ID,13970
ORIGIN_AIRPORT_ID,13983
ORIGIN_AIRPORT_ID,13984
ORIGIN_AIRPORT_ID,13988
ORIGIN_AIRPORT_ID,14004
ORIGIN_AIRPORT_ID,14006
ORIGIN_AIRPORT_ID,14012
ORIGIN_AIRPORT_ID,14022
ORIGIN_AIRPORT_ID,14025
ORIGIN_AIRPORT_ID,14027
ORIGIN_AIRPORT_ID,14028
ORIGIN_AIRPORT_ID,14046
ORIGIN_AIRPORT_ID,14051
ORIGIN_AIRPORT_ID,14054
ORIGIN_AIRPORT_ID,14057
ORIGIN_AIRPORT_ID,14062
ORIGIN_AIRPORT_ID,14065
ORIGIN_AIRPORT_ID,14066
ORIGIN_AIRPORT_ID,14081
ORIGIN_AIRPORT_ID,14082
ORIGIN_AIRPORT_ID,14088
ORIGIN_AIRPORT_ID,14092
ORIGIN_AIRPORT_ID,14098
ORIGIN_AIRPORT_ID,14100
ORIGIN_AIRPORT_ID,14102
ORIGIN_AIRPORT_ID,14107
ORIGIN_AIRPORT_ID,14108
ORIGIN_AIRPORT_ID,14109
ORIGIN_AIRPORT_ID,14112
ORIGIN_AIRPORT_ID,14113
ORIGIN_AIRPORT_ID,14119
ORIGIN_AIRPORT_ID,14120
ORIGIN_AIRPORT_ID,14122
ORIGIN_AIRPORT_ID,14125
ORIGIN_AIRPORT_ID,14130
ORIGIN_AIRPORT_ID,14131
ORIGIN_AIRPORT_ID,14132
ORIGIN_AIRPORT_ID,14150
ORIGIN_AIRPORT_ID,14153
ORIGIN_AIRPORT_ID,14166
ORIGIN_AIRPORT_ID,14167
ORIGIN_AIRPORT_ID,14186
ORIGIN_AIRPORT_ID,14193
ORIGIN_AIRPORT_ID,14207
ORIGIN_AIRPORT_ID,14210
ORIGIN_AIRPORT_ID,14218
ORIGIN_AIRPORT_ID,14222
ORIGIN_AIRPORT_ID,14228
ORIGIN_AIRPORT_ID,14229
ORIGIN_AIRPORT_ID,14231
ORIGIN_AIRPORT_ID,14234
ORIGIN_AIRPORT_ID,14237
ORIGIN_AIRPORT_ID,14239
ORIGIN_AIRPORT_ID,14252
ORIGIN_AIRPORT_ID,14254
ORIGIN_AIRPORT_ID,14256
ORIGIN_AIRPORT_ID,14259
ORIGIN_AIRPORT_ID,14262
ORIGIN_AIRPORT_ID,14268
ORIGIN_AIRPORT_ID,14270
ORIGIN_AIRPORT_ID,14273
ORIGIN_AIRPORT_ID,14275
ORIGIN_AIRPORT_ID,14276
ORIGIN_AIRPORT_ID,14278
ORIGIN_AIRPORT_ID,14282
ORIGIN_AIRPORT_ID,14286
ORIGIN_AIRPORT_ID,14288
ORIGIN_AIRPORT_ID,14293
ORIGIN_AIRPORT_ID,14299
ORIGIN_AIRPORT_ID,14303
ORIGIN_AIRPORT_ID,14306
ORIGIN_AIRPORT_ID,14307
ORIGIN_AIRPORT_ID,14309
ORIGIN_AIRPORT_ID,14312
ORIGIN_AIRPORT_ID,14314
ORIGIN_AIRPORT_ID,14321
ORIGIN_AIRPORT_ID,14323
ORIGIN_AIRPORT_ID,14380
ORIGIN_AIRPORT_ID,14412
ORIGIN_AIRPORT_ID,14451
ORIGIN_AIRPORT_ID,14457
ORIGIN_AIRPORT_ID,14458
ORIGIN_AIRPORT_ID,14468
ORIGIN_AIRPORT_ID,14474
ORIGIN_AIRPORT_ID,14477
ORIGIN_AIRPORT_ID,14485
ORIGIN_AIRPORT_ID,14487
ORIGIN_AIRPORT_ID,14489
ORIGIN_AIRPORT_ID,14492
ORIGIN_AIRPORT_ID,14493
ORIGIN_AIRPORT_ID,14496
ORIGIN_AIRPORT_ID,14512
ORIGIN_AIRPORT_ID,14520
ORIGIN_AIRPORT_ID,14524
ORIGIN_AIRPORT_ID,14534
ORIGIN_AIRPORT_ID,14535
ORIGIN_AIRPORT_ID,14539
ORIGIN_AIRPORT_ID,14543
ORIGIN_AIRPORT_ID,14559
ORIGIN_AIRPORT_ID,14570
ORIGIN_AIRPORT_ID,14574
ORIGIN_AIRPORT_ID,14576
ORIGIN_AIRPORT_ID,14582
ORIGIN_AIRPORT_ID,14583
ORIGIN_AIRPORT_ID,14588
ORIGIN_AIRPORT_ID,14627
ORIGIN_AIRPORT_ID,14628
ORIGIN_AIRPORT_ID,14633
ORIGIN_AIRPORT_ID,14635
ORIGIN_AIRPORT_ID,14637
ORIGIN_AIRPORT_ID,14645
ORIGIN_AIRPORT_ID,14664
ORIGIN_AIRPORT_ID,14674
ORIGIN_AIRPORT_ID,14677
ORIGIN_AIRPORT_ID,14679
ORIGIN_AIRPORT_ID,14681
ORIGIN_AIRPORT_ID,14683
ORIGIN_AIRPORT_ID,14685
ORIGIN_AIRPORT_ID,14689
ORIGIN_AIRPORT_ID,14692
ORIGIN_AIRPORT_ID,14696
ORIGIN_AIRPORT_ID,14698
ORIGIN_AIRPORT_ID,14704
ORIGIN_AIRPORT_ID,14709
ORIGIN_AIRPORT_ID,14711
ORIGIN_AIRPORT_ID,14716
ORIGIN_AIRPORT_ID,14717
ORIGIN_AIRPORT_ID,14718
ORIGIN_AIRPORT_ID,14722
ORIGIN_AIRPORT_ID,14730
ORIGIN_AIRPORT_ID,14733
ORIGIN_AIRPORT_ID,14738
ORIGIN_AIRPORT_ID,14739
ORIGIN_AIRPORT_ID,14745
ORIGIN_AIRPORT_ID,14747
ORIGIN_AIRPORT_ID,14761
ORIGIN_AIRPORT_ID,14771
ORIGIN_AIRPORT_ID,14783
ORIGIN_AIRPORT_ID,14794
ORIGIN_AIRPORT_ID,14797
ORIGIN_AIRPORT_ID,14802
ORIGIN_AIRPORT_ID,14804
ORIGIN_AIRPORT_ID,14805
ORIGIN_AIRPORT_ID,14812
ORIGIN_AIRPORT_ID,14814
ORIGIN_AIRPORT_ID,14816
ORIGIN_AIRPORT_ID,14818
ORIGIN_AIRPORT_ID,14819
ORIGIN_AIRPORT_ID,14824
ORIGIN_AIRPORT_ID,14828
ORIGIN_AIRPORT_ID,14831
ORIGIN_AIRPORT_ID,14832
ORIGIN_AIRPORT_ID,14838
ORIGIN_AIRPORT_ID,14842
ORIGIN_AIRPORT_ID,14843
ORIGIN_AIRPORT_ID,14849
ORIGIN_AIRPORT_ID,14856
ORIGIN_AIRPORT_ID,14863
ORIGIN_AIRPORT_ID,14869
ORIGIN_AIRPORT_ID,14871
ORIGIN_AIRPORT_ID,14875
ORIGIN_AIRPORT_ID,14877
ORIGIN_AIRPORT_ID,14879
ORIGIN_AIRPORT_ID,14880
ORIGIN_AIRPORT_ID,14884
ORIGIN_AIRPORT_ID,14886
ORIGIN_AIRPORT_ID,14893
ORIGIN_AIRPORT_ID,14895
ORIGIN_AIRPORT_ID,14897
ORIGIN_AIRPORT_ID,14905
ORIGIN_AIRPORT_ID,14908
ORIGIN_AIRPORT_ID,14918
ORIGIN_AIRPORT_ID,14919
ORIGIN_AIRPORT_ID,14924
ORIGIN_AIRPORT_ID,14942
ORIGIN_AIRPORT_ID,14943
ORIGIN_AIRPORT_ID,14945
ORIGIN_AIRPORT_ID,14952
ORIGIN_AIRPORT_ID,14955
ORIGIN_AIRPORT_ID,14960
ORIGIN_AIRPORT_ID,14967
ORIGIN_AIRPORT_ID,14986
ORIGIN_AIRPORT_ID,14987
ORIGIN_AIRPORT_ID,14992
ORIGIN_AIRPORT_ID,15008
ORIGIN_AIRPORT_ID,15012
ORIGIN_AIRPORT_ID,15013
ORIGIN_AIRPORT_ID,15016
ORIGIN_AIRPORT_ID,15022
ORIGIN_AIRPORT_ID,15023
ORIGIN_AIRPORT_ID,15024
ORIGIN_AIRPORT_ID,15027
ORIGIN_AIRPORT_ID,15041
ORIGIN_AIRPORT_ID,15048
ORIGIN_AIRPORT_ID,15049
ORIGIN_AIRPORT_ID,15051
ORIGIN_AIRPORT_ID,15052
ORIGIN_AIRPORT_ID,15058
ORIGIN_AIRPORT_ID,15061
ORIGIN_AIRPORT_ID,15070
ORIGIN_AIRPORT_ID,15074
ORIGIN_AIRPORT_ID,15081
ORIGIN_AIRPORT_ID,15084
ORIGIN_AIRPORT_ID,15085
ORIGIN_AIRPORT_ID,15091
ORIGIN_AIRPORT_ID,15092
ORIGIN_AIRPORT_ID,15096
ORIGIN_AIRPORT_ID,15113
ORIGIN_AIRPORT_ID,15115
ORIGIN_AIRPORT_ID,15124
ORIGIN_AIRPORT_ID,15125
ORIGIN_AIRPORT_ID,15136
ORIGIN_AIRPORT_ID,15138
ORIGIN_AIRPORT_ID,15144
ORIGIN_AIRPORT_ID,15147
ORIGIN_AIRPORT_ID,15160
ORIGIN_AIRPORT_ID,15171
ORIGIN_AIRPORT_ID,15174
ORIGIN_AIRPORT_ID,15177
ORIGIN_AIRPORT_ID,15183
ORIGIN_AIRPORT_ID,15192
ORIGIN_AIRPORT_ID,15215
ORIGIN_AIRPORT_ID,15231
ORIGIN_AIRPORT_ID,15232
ORIGIN_AIRPORT_ID,15236
ORIGIN_AIRPORT_ID,15237
ORIGIN_AIRPORT_ID,15245
ORIGIN_AIRPORT_ID,15246
ORIGIN_AIRPORT_ID,15249
ORIGIN_AIRPORT_ID,15250
ORIGIN_AIRPORT_ID,15257
ORIGIN_AIRPORT_ID,15258
ORIGIN_AIRPORT_ID,15277
ORIGIN_AIRPORT_ID,15278
ORIGIN_AIRPORT_ID,15282
ORIGIN_AIRPORT_ID,15293
ORIGIN_AIRPORT_ID,15295
ORIGIN_AIRPORT_ID,15304
ORIGIN_AIRPORT_ID,15306
ORIGIN_AIRPORT_ID,15317
ORIGIN_AIRPORT_ID,15323
ORIGIN_AIRPORT_ID,15342
ORIGIN_AIRPORT_ID,15356
ORIGIN_AIRPORT_ID,15370
ORIGIN_AIRPORT_ID,15374
ORIGIN_AIRPORT_ID,15376
ORIGIN_AIRPORT_ID,15380
ORIGIN_AIRPORT_ID,15381
ORIGIN_AIRPORT_ID,15385
ORIGIN_AIRPORT_ID,15389
ORIGIN_AIRPORT_ID,15401
ORIGIN_AIRPORT_ID,15402
ORIGIN_AIRPORT_ID,15411
ORIGIN_AIRPORT_ID,15412
ORIGIN_AIRPORT_ID,15417
ORIGIN_AIRPORT_ID,15444
ORIGIN_AIRPORT_ID,15446
ORIGIN_AIRPORT_ID,15448
ORIGIN_AIRPORT_ID,15454
ORIGIN_AIRPORT_ID,15455
ORIGIN_AIRPORT_ID,15478
ORIGIN_AIRPORT_ID,15483
ORIGIN_AIRPORT_ID,15497
ORIGIN_AIRPORT_ID,15502
ORIGIN_AIRPORT_ID,15513
ORIGIN_AIRPORT_ID,15548
ORIGIN_AIRPORT_ID,15554
ORIGIN_AIRPORT_ID,15566
ORIGIN_AIRPORT_ID,15567
ORIGIN_AIRPORT_ID,15569
ORIGIN_AIRPORT_ID,15579
ORIGIN_AIRPORT_ID,15581
ORIGIN_AIRPORT_ID,15582
ORIGIN_AIRPORT_ID,15584
ORIGIN_AIRPORT_ID,15595
ORIGIN_AIRPORT_ID,15598
ORIGIN_AIRPORT_ID,15601
ORIGIN_AIRPORT_ID,15607
ORIGIN_AIRPORT_ID,15624
ORIGIN_AIRPORT_ID,15626
ORIGIN_AIRPORT_ID,15627
ORIGIN_AIRPORT_ID,15628
ORIGIN_AIRPORT_ID,15632
ORIGIN_AIRPORT_ID,15643
ORIGIN_AIRPORT_ID,15689
ORIGIN_AIRPORT_ID,15709
ORIGIN_AIRPORT_ID,15718
ORIGIN_AIRPORT_ID,15721
ORIGIN_AIRPORT_ID,15725
ORIGIN_AIRPORT_ID,15741
ORIGIN_AIRPORT_ID,15754
ORIGIN_AIRPORT_ID,15785
ORIGIN_AIRPORT_ID,15793
ORIGIN_AIRPORT_ID,15794
ORIGIN_AIRPORT_ID,15798
ORIGIN_AIRPORT_ID,15838
ORIGIN_AIRPORT_ID,15841
ORIGIN_AIRPORT_ID,15843
ORIGIN_AIRPORT_ID,15853
ORIGIN_AIRPORT_ID,15855
ORIGIN_AIRPORT_ID,15856
ORIGIN_AIRPORT_ID,15861
ORIGIN_AIRPORT_ID,15862
ORIGIN_AIRPORT_ID,15868
ORIGIN_AIRPORT_ID,15885
ORIGIN_AIRPORT_ID,15887
ORIGIN_AIRPORT_ID,15897
ORIGIN_AIRPORT_ID,15917
ORIGIN_AIRPORT_ID,15919
ORIGIN_AIRPORT_ID,15923
ORIGIN_AIRPORT_ID,15991
ORIGIN_AIRPORT_ID,15994
ORIGIN_AIRPORT_ID,16042
ORIGIN_AIRPORT_ID,16063
ORIGIN_AIRPORT_ID,16078
ORIGIN_AIRPORT_ID,16085
ORIGIN_AIRPORT_ID,16097
ORIGIN_AIRPORT_ID,16101
ORIGIN_AIRPORT_ID,16115
ORIGIN_AIRPORT_ID,16133
ORIGIN_AIRPORT_ID,16149
ORIGIN_AIRPORT_ID,16159
ORIGIN_AIRPORT_ID,16163
ORIGIN_AIRPORT_ID,16171
ORIGIN_AIRPORT_ID,16173
ORIGIN_AIRPORT_ID,16178
ORIGIN_AIRPORT_ID,16191
ORIGIN_AIRPORT_ID,16215
ORIGIN_AIRPORT_ID,16217
ORIGIN_AIRPORT_ID,16218
ORIGIN_AIRPORT_ID,16229
ORIGIN_AIRPORT_ID,16232
ORIGIN_AIRPORT_ID,16233
ORIGIN_AIRPORT_ID,16242
ORIGIN_AIRPORT_ID,16250
ORIGIN_AIRPORT_ID,16252
ORIGIN_AIRPORT_ID,16253
ORIGIN_AIRPORT_ID,16254
ORIGIN_AIRPORT_ID,16257
ORIGIN_AIRPORT_ID,16263
ORIGIN_AIRPORT_ID,16267
ORIGIN_AIRPORT_ID,16268
ORIGIN_AIRPORT_ID,16271
ORIGIN_AIRPORT_ID,16293
ORIGIN_AIRPORT_ID,16304
ORIGIN_AIRPORT_ID,16306
ORIGIN_AIRPORT_ID,16310
ORIGIN_AIRPORT_ID,16321
ORIGIN_AIRPORT_ID,16322
ORIGIN_AIRPORT_ID,16340
ORIGIN_AIRPORT_ID,16345
ORIGIN_AIRPORT_ID,16417
ORIGIN_AIRPORT_ID,16422
ORIGIN_AIRPORT_ID,16477
ORIGIN_AIRPORT_ID,16567
ORIGIN_AIRPORT_ID,16603
ORIGIN_AIRPORT_ID,16607
ORIGIN_AIRPORT_ID,16647
ORIGIN_AIRPORT_ID,16770
ORIGIN_AIRPORT_ID,16782
ORIGIN_AIRPORT_ID,16832
ORIGIN_AIRPORT_ID,16869
ORIGIN_AIRPORT_ID,16998
ORIGIN_AIRPORT_ID,17011
DEST_AIRPORT_ID,10005
DEST_AIRPORT_ID,10056
DEST_AIRPORT_ID,10135
DEST_AIRPORT_ID,10136
DEST_AIRPORT_ID,10139
DEST_AIRPORT_ID,10140
DEST_AIRPORT_ID,10141
DEST_AIRPORT_ID,10146
DEST_AIRPORT_ID,10148
DEST_AIRPORT_ID,10150
DEST_AIRPORT_ID,10154
DEST_AIRPORT_ID,10155
DEST_AIRPORT_ID,10157
DEST_AIRPORT_ID,10158
DEST_AIRPORT_ID,10160
DEST_AIRPORT_ID,10162
DEST_AIRPORT_ID,10165
DEST_AIRPORT_ID,10170
DEST_AIRPORT_ID,10184
DEST_AIRPORT_ID,10185
DEST_AIRPORT_ID,10194
DEST_AIRPORT_ID,10198
DEST_AIRPORT_ID,10204
DEST_AIRPORT_ID,10208
DEST_AIRPORT_ID,10210
DEST_AIRPORT_ID,10216
DEST_AIRPORT_ID,10221
DEST_AIRPORT_ID,10225
DEST_AIRPORT_ID,10237
DEST_AIRPORT_ID,10241
DEST_AIRPORT_ID,10243
DEST_AIRPORT_ID,10244
DEST_AIRPORT_ID,10245
DEST_AIRPORT_ID,10247
DEST_AIRPORT_ID,10257
DEST_AIRPORT_ID,10268
DEST_AIRPORT_ID,10272
DEST_AIRPORT_ID,10275
DEST_AIRPORT_ID,10278
DEST_AIRPORT_ID,10279
DEST_AIRPORT_ID,10280
DEST_AIRPORT_ID,10287
DEST_AIRPORT_ID,10292
DEST_AIRPORT_ID,10299
DEST_AIRPORT_ID,10304
DEST_AIRPORT_ID,10312
DEST_AIRPORT_ID,10313
DEST_AIRPORT_ID,10322
DEST_AIRPORT_ID,10324
DEST_AIRPORT_ID,10333
DEST_AIRPORT_ID,10338
DEST_AIRPORT_ID,10349
DEST_AIRPORT_ID,10357
DEST_AIRPORT_ID,10361
DEST_AIRPORT_ID,10371
DEST_AIRPORT_ID,10372
DEST_AIRPORT_ID,10394
DEST_AIRPORT_ID,10396
DEST_AIRPORT_ID,10397
DEST_AIRPORT_ID,10405
DEST_AIRPORT_ID,10408
DEST_AIRPORT_ID,10409
DEST_AIRPORT_ID,10411
DEST_AIRPORT_ID,10414
DEST_AIRPORT_ID,10415
DEST_AIRPORT_ID,10416
DEST_AIRPORT_ID,10423
DEST_AIRPORT_ID,10431
DEST_AIRPORT_ID,10434
DEST_AIRPORT_ID,10444
DEST_AIRPORT_ID,10448
DEST_AIRPORT_ID,10466
DEST_AIRPORT_ID,10469
DEST_AIRPORT_ID,10470
DEST_AIRPORT_ID,10480
DEST_AIRPORT_ID,10486
DEST_AIRPORT_ID,10517
DEST_AIRPORT_ID,10521
DEST_AIRPORT_ID,10529
DEST_AIRPORT_ID,10535
DEST_AIRPORT_ID,10540
DEST_AIRPORT_ID,10542
DEST_AIRPORT_ID,10545
DEST_AIRPORT_ID,10551
DEST_AIRPORT_ID,10556
DEST_AIRPORT_ID,10557
DEST_AIRPORT_ID,10558
DEST_AIRPORT_ID,10559
DEST_AIRPORT_ID,10561
DEST_AIRPORT_ID,10562
DEST_AIRPORT_ID,10568
DEST_AIRPORT_ID,10575
DEST_AIRPORT_ID,10577
DEST_AIRPORT_ID,10579
DEST_AIRPORT_ID,10581
DEST_AIRPORT_ID,10589
DEST_AIRPORT_ID,10590
DEST_AIRPORT_ID,10599
DEST_AIRPORT_ID,10608
DEST_AIRPORT_ID,10613
DEST_AIRPORT_ID,10617
DEST_AIRPORT_ID,10620
DEST_AIRPORT_ID,10621
DEST_AIRPORT_ID,10627
DEST_AIRPORT_ID,10631
DEST_AIRPORT_ID,10638
DEST_AIRPORT_ID,10640
DEST_AIRPORT_ID,10643
DEST_AIRPORT_ID,10654
DEST_AIRPORT_ID,10658
DEST_AIRPORT_ID,10661
DEST_AIRPORT_ID,10666
DEST_AIRPORT_ID,10676
DEST_AIRPORT_ID,10683
DEST_AIRPORT_ID,10685
DEST_AIRPORT_ID,10693
DEST_AIRPORT_ID,10696
DEST_AIRPORT_ID,10711
DEST_AIRPORT_ID,10713
DEST_AIRPORT_ID,10716
DEST_AIRPORT_ID,10717
DEST_AIRPORT_ID,10721
DEST_AIRPORT_ID,10728
DEST_AIRPORT_ID,10731
DEST_AIRPORT_ID,10732
DEST_AIRPORT_ID,10739
DEST_AIRPORT_ID,10744
DEST_AIRPORT_ID,10747
DEST_AIRPORT_ID,10752
DEST_AIRPORT_ID,10754
DEST_AIRPORT_ID,10758
DEST_AIRPORT_ID,10770
DEST_AIRPORT_ID,10775
DEST_AIRPORT_ID,10779
DEST_AIRPORT_ID,10781
DEST_AIRPORT_ID,10783
DEST_AIRPORT_ID,10785
DEST_AIRPORT_ID,10790
DEST_AIRPORT_ID,10792
DEST_AIRPORT_ID,10800
DEST_AIRPORT_ID,10821
DEST_AIRPORT_ID,10846
DEST_AIRPORT_ID,10849
DEST_AIRPORT_ID,10868
DEST_AIRPORT_ID,10872
DEST_AIRPORT_ID,10874
DEST_AIRPORT_ID,10877
DEST_AIRPORT_ID,10878
DEST_AIRPORT_ID,10910
DEST_AIRPORT_ID,10911
DEST_AIRPORT_ID,10917
DEST_AIRPORT_ID,10918
DEST_AIRPORT_ID,10920
DEST_AIRPORT_ID,10925
DEST_AIRPORT_ID,10926
DEST_AIRPORT_ID,10930
DEST_AIRPORT_ID,10938
DEST_AIRPORT_ID,10950
DEST_AIRPORT_ID,10951
DEST_AIRPORT_ID,10961
DEST_AIRPORT_ID,10967
DEST_AIRPORT_ID,10980
DEST_AIRPORT_ID,10990
DEST_AIRPORT_ID,10994
DEST_AIRPORT_ID,10996
DEST_AIRPORT_ID,11003
DEST_AIRPORT_ID,11007
DEST_AIRPORT_ID,11013
DEST_AIRPORT_ID,11016
DEST_AIRPORT_ID,11027
DEST_AIRPORT_ID,11028
DEST_AIRPORT_ID,11030
DEST_AIRPORT_ID,11032
DEST_AIRPORT_ID,11036
DEST_AIRPORT_ID,11041
DEST_AIRPORT_ID,11042
DEST_AIRPORT_ID,11049
DEST_AIRPORT_ID,11050
DEST_AIRPORT_ID,11052
DEST_AIRPORT_ID,11053
DEST_AIRPORT_ID,11057
DEST_AIRPORT_ID,11063
DEST_AIRPORT_ID,11066
DEST_AIRPORT_ID,11067
DEST_AIRPORT_ID,11070
DEST_AIRPORT_ID,11075
DEST_AIRPORT_ID,11076
DEST_AIRPORT_ID,11082
DEST_AIRPORT_ID,11085
DEST_AIRPORT_ID,11089
DEST_AIRPORT_ID,11092
DEST_AIRPORT_ID,11097
DEST_AIRPORT_ID,11109
DEST_AIRPORT_ID,11111
DEST_AIRPORT_ID,11118
DEST_AIRPORT_ID,11122
DEST_AIRPORT_ID,11126
DEST_AIRPORT_ID,11138
DEST_AIRPORT_ID,11140
DEST_AIRPORT_ID,11146
DEST_AIRPORT_ID,11150
DEST_AIRPORT_ID,11160
DEST_AIRPORT_ID,11164
DEST_AIRPORT_ID,11170
DEST_AIRPORT_ID,11172
DEST_AIRPORT_ID,11180
DEST_AIRPORT_ID,11185
DEST_AIRPORT_ID,11187
DEST_AIRPORT_ID,11193
DEST_AIRPORT_ID,11197
DEST_AIRPORT_ID,11203
DEST_AIRPORT_ID,11214
DEST_AIRPORT_ID,11216
DEST_AIRPORT_ID,11223
DEST_AIRPORT_ID,11225
DEST_AIRPORT_ID,11227
DEST_AIRPORT_ID,11233
DEST_AIRPORT_ID,11241
DEST_AIRPORT_ID,11244
DEST_AIRPORT_ID,11245
DEST_AIRPORT_ID,11252
DEST_AIRPORT_ID,11259
DEST_AIRPORT_ID,11267
DEST_AIRPORT_ID,11274
DEST_AIRPORT_ID,11276
DEST_AIRPORT_ID,11278
DEST_AIRPORT_ID,11283
DEST_AIRPORT_ID,11288
DEST_AIRPORT_ID,11290
DEST_AIRPORT_ID,11292
DEST_AIRPORT_ID,11298
DEST_AIRPORT_ID,11301
DEST_AIRPORT_ID,11308
DEST_AIRPORT_ID,11315
DEST_AIRPORT_ID,11332
DEST_AIRPORT_ID,11336
DEST_AIRPORT_ID,11337
DEST_AIRPORT_ID,11345
DEST_AIRPORT_ID,11348
DEST_AIRPORT_ID,11367
DEST_AIRPORT_ID,11369
DEST_AIRPORT_ID,11372
DEST_AIRPORT_ID,11381
DEST_AIRPORT_ID,11392
DEST_AIRPORT_ID,11398
DEST_AIRPORT_ID,11411
DEST_AIRPORT_ID,11413
DEST_AIRPORT_ID,11415
DEST_AIRPORT_ID,11421
DEST_AIRPORT_ID,11423
DEST_AIRPORT_ID,11431
DEST_AIRPORT_ID,11433
DEST_AIRPORT_ID,11435
DEST_AIRPORT_ID,11441
DEST_AIRPORT_ID,11444
DEST_AIRPORT_ID,11445
DEST_AIRPORT_ID,11447
DEST_AIRPORT_ID,11455
DEST_AIRPORT_ID,11463
DEST_AIRPORT_ID,11468
DEST_AIRPORT_ID,11470
DEST_AIRPORT_ID,11471
DEST_AIRPORT_ID,11481
DEST_AIRPORT_ID,11484
DEST_AIRPORT_ID,11488
DEST_AIRPORT_ID,11492
DEST_AIRPORT_ID,11495
DEST_AIRPORT_ID,11503
DEST_AIRPORT_ID,11511
DEST_AIRPORT_ID,11512
DEST_AIRPORT_ID,11519
DEST_AIRPORT_ID,11525
DEST_AIRPORT_ID,11531
DEST_AIRPORT_ID,11534
DEST_AIRPORT_ID,11535
DEST_AIRPORT_ID,11537
DEST_AIRPORT_ID,11540
DEST_AIRPORT_ID,11545
DEST_AIRPORT_ID,11550
DEST_AIRPORT_ID,11555
DEST_AIRPORT_ID,11559
DEST_AIRPORT_ID,11577
DEST_AIRPORT_ID,11587
DEST_AIRPORT_ID,11588
DEST_AIRPORT_ID,11603
DEST_AIRPORT_ID,11612
DEST_AIRPORT_ID,11615
DEST_AIRPORT_ID,11617
DEST_AIRPORT_ID,11618
DEST_AIRPORT_ID,11619
DEST_AIRPORT_ID,11624
DEST_AIRPORT_ID,11625
DEST_AIRPORT_ID,11630
DEST_AIRPORT_ID,11637
DEST_AIRPORT_ID,11638
DEST_AIRPORT_ID,11641
DEST_AIRPORT_ID,11646
DEST_AIRPORT_ID,11648
DEST_AIRPORT_ID,11651
DEST_AIRPORT_ID,11654
DEST_AIRPORT_ID,11671
DEST_AIRPORT_ID,11684
DEST_AIRPORT_ID,11695
DEST_AIRPORT_ID,11697
DEST_AIRPORT_ID,11699
DEST_AIRPORT_ID,11711
DEST_AIRPORT_ID,11716
DEST_AIRPORT_ID,11719
DEST_AIRPORT_ID,11720
DEST_AIRPORT_ID,11721
DEST_AIRPORT_ID,11724
DEST_AIRPORT_ID,11725
DEST_AIRPORT_ID,11730
DEST_AIRPORT_ID,11731
DEST_AIRPORT_ID,11760
DEST_AIRPORT_ID,11762
DEST_AIRPORT_ID,11764
DEST_AIRPORT_ID,11775
DEST_AIRPORT_ID,11778
DEST_AIRPORT_ID,11784
DEST_AIRPORT_ID,11793
DEST_AIRPORT_ID,11823
DEST_AIRPORT_ID,11827
DEST_AIRPORT_ID,11833
DEST_AIRPORT_ID,11844
DEST_AIRPORT_ID,11845
DEST_AIRPORT_ID,11856
DEST_AIRPORT_ID,11865
DEST_AIRPORT_ID,11867
DEST_AIRPORT_ID,11868
DEST_AIRPORT_ID,11874
DEST_AIRPORT_ID,11879
DEST_AIRPORT_ID,11884
DEST_AIRPORT_ID,11888
DEST_AIRPORT_ID,11898
DEST_AIRPORT_ID,11905
DEST_AIRPORT_ID,11907
DEST_AIRPORT_ID,11908
DEST_AIRPORT_ID,11910
DEST_AIRPORT_ID,11911
DEST_AIRPORT_ID,11915
DEST_AIRPORT_ID,11921
DEST_AIRPORT_ID,11924
DEST_AIRPORT_ID,11928
DEST_AIRPORT_ID,11931
DEST_AIRPORT_ID,11941
DEST_AIRPORT_ID,11950
DEST_AIRPORT_ID,11952
DEST_AIRPORT_ID,11953
DEST_AIRPORT_ID,11973
DEST_AIRPORT_ID,11977
DEST_AIRPORT_ID,11980
DEST_AIRPORT_ID,11982
DEST_AIRPORT_ID,11986
DEST_AIRPORT_ID,11988
DEST_AIRPORT_ID,11995
DEST_AIRPORT_ID,11996
DEST_AIRPORT_ID,11997
DEST_AIRPORT_ID,12003
DEST_AIRPORT_ID,12007
DEST_AIRPORT_ID,12010
DEST_AIRPORT_ID,12012
DEST_AIRPORT_ID,12016
DEST_AIRPORT_ID,12026
DEST_AIRPORT_ID,12051
DEST_AIRPORT_ID,12052
DEST_AIRPORT_ID,12055
DEST_AIRPORT_ID,12066
DEST_AIRPORT_ID,12073
DEST_AIRPORT_ID,12087
DEST_AIRPORT_ID,12094
DEST_AIRPORT_ID,12101
DEST_AIRPORT_ID,12115
DEST_AIRPORT_ID,12119
DEST_AIRPORT_ID,12124
DEST_AIRPORT_ID,12127
DEST_AIRPORT_ID,12129
DEST_AIRPORT_ID,12141
DEST_AIRPORT_ID,12143
DEST_AIRPORT_ID,12156
DEST_AIRPORT_ID,12164
DEST_AIRPORT_ID,12169
DEST_AIRPORT_ID,12171
DEST_AIRPORT_ID,12173
DEST_AIRPORT_ID,12174
DEST_AIRPORT_ID,12175
DEST_AIRPORT_ID,12177
DEST_AIRPORT_ID,12180
DEST_AIRPORT_ID,12184
DEST_AIRPORT_ID,12185
DEST_AIRPORT_ID,12190
DEST_AIRPORT_ID,12191
DEST_AIRPORT_ID,12195
DEST_AIRPORT_ID,12197
DEST_AIRPORT_ID,12206
DEST_AIRPORT_ID,12207
DEST_AIRPORT_ID,12214
DEST_AIRPORT_ID,12217
DEST_AIRPORT_ID,12223
DEST_AIRPORT_ID,12235
DEST_AIRPORT_ID,12239
DEST_AIRPORT_ID,12244
DEST_AIRPORT_ID,12245
DEST_AIRPORT_ID,12250
DEST_AIRPORT_ID,12252
DEST_AIRPORT_ID,12253
DEST_AIRPORT_ID,12255
DEST_AIRPORT_ID,12264
DEST_AIRPORT_ID,12265
DEST_AIRPORT_ID,12266
DEST_AIRPORT_ID,12268
DEST_AIRPORT_ID,12277
DEST_AIRPORT_ID,12278
DEST_AIRPORT_ID,12280
DEST_AIRPORT_ID,12294
DEST_AIRPORT_ID,12315
DEST_AIRPORT_ID,12320
DEST_AIRPORT_ID,12321
DEST_AIRPORT_ID,12323
DEST_AIRPORT_ID,12335
DEST_AIRPORT_ID,12339
DEST_AIRPORT_ID,12343
DEST_AIRPORT_ID,12363
DEST_AIRPORT_ID,12365
DEST_AIRPORT_ID,12370
DEST_AIRPORT_ID,12375
DEST_AIRPORT_ID,12389
DEST_AIRPORT_ID,12391
DEST_AIRPORT_ID,12395
DEST_AIRPORT_ID,12397
DEST_AIRPORT_ID,12402
DEST_AIRPORT_ID,12412
DEST_AIRPORT_ID,12441
DEST_AIRPORT_ID,12448
DEST_AIRPORT_ID,12451
DEST_AIRPORT_ID,12455
DEST_AIRPORT_ID,12472
DEST_AIRPORT_ID,12478
DEST_AIRPORT_ID,12492
DEST_AIRPORT_ID,12494
DEST_AIRPORT_ID,12511
DEST_AIRPORT_ID,12519
DEST_AIRPORT_ID,12520
DEST_AIRPORT_ID,12523
DEST_AIRPORT_ID,12544
DEST_AIRPORT_ID,12553
DEST_AIRPORT_ID,12559
DEST_AIRPORT_ID,12610
DEST_AIRPORT_ID,12615
DEST_AIRPORT_ID,12621
DEST_AIRPORT_ID,12627
DEST_AIRPORT_ID,12633
DEST_AIRPORT_ID,12635
DEST_AIRPORT_ID,12638
DEST_AIRPORT_ID,12641
DEST_AIRPORT_ID,12649
DEST_AIRPORT_ID,12651
DEST_AIRPORT_ID,12652
DEST_AIRPORT_ID,12653
DEST_AIRPORT_ID,12663
DEST_AIRPORT_ID,12671
DEST_AIRPORT_ID,12676
DEST_AIRPORT_ID,12690
DEST_AIRPORT_ID,12693
DEST_AIRPORT_ID,12699
DEST_AIRPORT_ID,12704
DEST_AIRPORT_ID,12705
DEST_AIRPORT_ID,12708
DEST_AIRPORT_ID,12709
DEST_AIRPORT_ID,12719
DEST_AIRPORT_ID,12720
DEST_AIRPORT_ID,12721
DEST_AIRPORT_ID,12728
DEST_AIRPORT_ID,12737
DEST_AIRPORT_ID,12743
DEST_AIRPORT_ID,12748
DEST_AIRPORT_ID,12755
DEST_AIRPORT_ID,12758
DEST_AIRPORT_ID,12769
DEST_AIRPORT_ID,12771
DEST_AIRPORT_ID,12772
DEST_AIRPORT_ID,12773
DEST_AIRPORT_ID,12774
DEST_AIRPORT_ID,12779
DEST_AIRPORT_ID,12782
DEST_AIRPORT_ID,12784
DEST_AIRPORT_ID,12785
DEST_AIRPORT_ID,12786
DEST_AIRPORT_ID,12789
DEST_AIRPORT_ID,12807
DEST_AIRPORT_ID,12815
DEST_AIRPORT_ID,12819
DEST_AIRPORT_ID,12822
DEST_AIRPORT_ID,12824
DEST_AIRPORT_ID,12831
DEST_AIRPORT_ID,12841
DEST_AIRPORT_ID,12844
DEST_AIRPORT_ID,12847
DEST_AIRPORT_ID,12849
DEST_AIRPORT_ID,12851
DEST_AIRPORT_ID,12853
DEST_AIRPORT_ID,12854
DEST_AIRPORT_ID,12855
DEST_AIRPORT_ID,12857
DEST_AIRPORT_ID,12866
DEST_AIRPORT_ID,12868
DEST_AIRPORT_ID,12869
DEST_AIRPORT_ID,12882
DEST_AIRPORT_ID,12883
DEST_AIRPORT_ID,12884
DEST_AIRPORT_ID,12888
DEST_AIRPORT_ID,12889
DEST_AIRPORT_ID,12891
DEST_AIRPORT_ID,12892
DEST_AIRPORT_ID,12895
DEST_AIRPORT_ID,12896
DEST_AIRPORT_ID,12898
DEST_AIRPORT_ID,12899
DEST_AIRPORT_ID,12902
DEST_AIRPORT_ID,12911
DEST_AIRPORT_ID,12915
DEST_AIRPORT_ID,12917
DEST_AIRPORT_ID,12920
DEST_AIRPORT_ID,12932
DEST_AIRPORT_ID,12945
DEST_AIRPORT_ID,12951
DEST_AIRPORT_ID,12953
DEST_AIRPORT_ID,12954
DEST_AIRPORT_ID,12966
DEST_AIRPORT_ID,12969
DEST_AIRPORT_ID,12972
DEST_AIRPORT_ID,12982
DEST_AIRPORT_ID,12983
DEST_AIRPORT_ID,12986
DEST_AIRPORT_ID,12990
DEST_AIRPORT_ID,12991
DEST_AIRPORT_ID,12992
DEST_AIRPORT_ID,13002
DEST_AIRPORT_ID,13003
DEST_AIRPORT_ID,13016
DEST_AIRPORT_ID,13029
DEST_AIRPORT_ID,13032
DEST_AIRPORT_ID,13034
DEST_AIRPORT_ID,13043
DEST_AIRPORT_ID,13048
DEST_AIRPORT_ID,13055
DEST_AIRPORT_ID,13061
DEST_AIRPORT_ID,13068
DEST_AIRPORT_ID,13076
DEST_AIRPORT_ID,13095
DEST_AIRPORT_ID,13105
DEST_AIRPORT_ID,13109
DEST_AIRPORT_ID,13111
DEST_AIRPORT_ID,13121
DEST_AIRPORT_ID,13127
DEST_AIRPORT_ID,13128
DEST_AIRPORT_ID,13139
DEST_AIRPORT_ID,13156
DEST_AIRPORT_ID,13158
DEST_AIRPORT_ID,13162
DEST_AIRPORT_ID,13165
DEST_AIRPORT_ID,13166
DEST_AIRPORT_ID,13169
DEST_AIRPORT_ID,13176
DEST_AIRPORT_ID,13180
DEST_AIRPORT_ID,13182
DEST_AIRPORT_ID,13184
DEST_AIRPORT_ID,13194
DEST_AIRPORT_ID,13196
DEST_AIRPORT_ID,13198
DEST_AIRPORT_ID,13200
DEST_AIRPORT_ID,13203
DEST_AIRPORT_ID,13204
DEST_AIRPORT_ID,13211
DEST_AIRPORT_ID,13218
DEST_AIRPORT_ID,13230
DEST_AIRPORT_ID,13232
DEST_AIRPORT_ID,13240
DEST_AIRPORT_ID,13241
DEST_AIRPORT_ID,13243
DEST_AIRPORT_ID,13244
DEST_AIRPORT_ID,13252
DEST_AIRPORT_ID,13256
DEST_AIRPORT_ID,13264
DEST_AIRPORT_ID,13269
DEST_AIRPORT_ID,13277
DEST_AIRPORT_ID,13282
DEST_AIRPORT_ID,13289
DEST_AIRPORT_ID,13290
DEST_AIRPORT_ID,13292
DEST_AIRPORT_ID,13296
DEST_AIRPORT_ID,13303
DEST_AIRPORT_ID,13306
DEST_AIRPORT_ID,13342
DEST_AIRPORT_ID,13344
DEST_AIRPORT_ID,13347
DEST_AIRPORT_ID,13348
DEST_AIRPORT_ID,13360
DEST_AIRPORT_ID,13367
DEST_AIRPORT_ID,13369
DEST_AIRPORT_ID,13370
DEST_AIRPORT_ID,13375
DEST_AIRPORT_ID,13377
DEST_AIRPORT_ID,13381
DEST_AIRPORT_ID,13388
DEST_AIRPORT_ID,13398
DEST_AIRPORT_ID,13408
DEST_AIRPORT_ID,13415
DEST_AIRPORT_ID,13422
DEST_AIRPORT_ID,13424
DEST_AIRPORT_ID,13433
DEST_AIRPORT_ID,13434
DEST_AIRPORT_ID,13459
DEST_AIRPORT_ID,13467
DEST_AIRPORT_ID,13476
DEST_AIRPORT_ID,13484
DEST_AIRPORT_ID,13485
DEST_AIRPORT_ID,13486
DEST_AIRPORT_ID,13487
DEST_AIRPORT_ID,13490
DEST_AIRPORT_ID,13495
DEST_AIRPORT_ID,13502
DEST_AIRPORT_ID,13504
DEST_AIRPORT_ID,13514
DEST_AIRPORT_ID,13518
DEST_AIRPORT_ID,13520
DEST_AIRPORT_ID,13532
DEST_AIRPORT_ID,13541
DEST_AIRPORT_ID,13543
DEST_AIRPORT_ID,13546
DEST_AIRPORT_ID,13547
DEST_AIRPORT_ID,13559
DEST_AIRPORT_ID,13560
DEST_AIRPORT_ID,13564
DEST_AIRPORT_ID,13574
DEST_AIRPORT_ID,13577
DEST_AIRPORT_ID,13579
DEST_AIRPORT_ID,13594
DEST_AIRPORT_ID,13602
DEST_AIRPORT_ID,13604
DEST_AIRPORT_ID,13605
DEST_AIRPORT_ID,13614
DEST_AIRPORT_ID,13616
DEST_AIRPORT_ID,13625
DEST_AIRPORT_ID,13629
DEST_AIRPORT_ID,13654
DEST_AIRPORT_ID,13676
DEST_AIRPORT_ID,13692
DEST_AIRPORT_ID,13693
DEST_AIRPORT_ID,13694
DEST_AIRPORT_ID,13704
DEST_AIRPORT_ID,13710
DEST_AIRPORT_ID,13714
DEST_AIRPORT_ID,13715
DEST_AIRPORT_ID,13744
DEST_AIRPORT_ID,13746
DEST_AIRPORT_ID,13765
DEST_AIRPORT_ID,13767
DEST_AIRPORT_ID,13768
DEST_AIRPORT_ID,13770
DEST_AIRPORT_ID,13795
DEST_AIRPORT_ID,13796
DEST_AIRPORT_ID,13799
DEST_AIRPORT_ID,13806
DEST_AIRPORT_ID,13826
DEST_AIRPORT_ID,13829
DEST_AIRPORT_ID,13830
DEST_AIRPORT_ID,13832
DEST_AIRPORT_ID,13850
DEST_AIRPORT_ID,13851
DEST_AIRPORT_ID,13853
DEST_AIRPORT_ID,13862
DEST_AIRPORT_ID,13863
DEST_AIRPORT_ID,13871
DEST_AIRPORT_ID,13873
DEST_AIRPORT_ID,13890
DEST_AIRPORT_ID,13891
DEST_AIRPORT_ID,13894
DEST_AIRPORT_ID,13900
DEST_AIRPORT_ID,13914
DEST_AIRPORT_ID,13917
DEST_AIRPORT_ID,13930
DEST_AIRPORT_ID,13931
DEST_AIRPORT_ID,13933
DEST_AIRPORT_ID,13934
DEST_AIRPORT_ID,13935
DEST_AIRPORT_ID,13942
DEST_AIRPORT_ID,13943
DEST_AIRPORT_ID,13952
DEST_AIRPORT_ID,13964
DEST_AIRPORT_ID,13968
DEST_AIRPORT_ID,13970
DEST_AIRPORT_ID,13983
DEST_AIRPORT_ID,14004
DEST_AIRPORT_ID,14006
DEST_AIRPORT_ID,14012
DEST_AIRPORT_ID,14022
DEST_AIRPORT_ID,14025
DEST_AIRPORT_ID,14027
DEST_AIRPORT_ID,14028
DEST_AIRPORT_ID,14030
DEST_AIRPORT_ID,14046
DEST_AIRPORT_ID,14051
DEST_AIRPORT_ID,14054
DEST_AIRPORT_ID,14057
DEST_AIRPORT_ID,14062
DEST_AIRPORT_ID,14065
DEST_AIRPORT_ID,14066
DEST_AIRPORT_ID,14081
DEST_AIRPORT_ID,14082
DEST_AIRPORT_ID,14088
DEST_AIRPORT_ID,14092
DEST_AIRPORT_ID,14098
DEST_AIRPORT_ID,14100
DEST_AIRPORT_ID,14102
DEST_AIRPORT_ID,14107
DEST_AIRPORT_ID,14108
DEST_AIRPORT_ID,14109
DEST_AIRPORT_ID,14112
DEST_AIRPORT_ID,14113
DEST_AIRPORT_ID,14118
DEST_AIRPORT_ID,14119
DEST_AIRPORT_ID,14120
DEST_AIRPORT_ID,14122
DEST_AIRPORT_ID,14125
DEST_AIRPORT_ID,14130
DEST_AIRPORT_ID,14131
DEST_AIRPORT_ID,14150
DEST_AIRPORT_ID,14153
DEST_AIRPORT_ID,14166
DEST_AIRPORT_ID,14167
DEST_AIRPORT_ID,14168
DEST_AIRPORT_ID,14186
DEST_AIRPORT_ID,14193
DEST_AIRPORT_ID,14196
DEST_AIRPORT_ID,14207
DEST_AIRPORT_ID,14210
DEST_AIRPORT_ID,14222
DEST_AIRPORT_ID,14228
DEST_AIRPORT_ID,14229
DEST_AIRPORT_ID,14231
DEST_AIRPORT_ID,14234
DEST_AIRPORT_ID,14237
DEST_AIRPORT_ID,14252
DEST_AIRPORT_ID,14254
DEST_AIRPORT_ID,14256
DEST_AIRPORT_ID,14259
DEST_AIRPORT_ID,14262
DEST_AIRPORT_ID,14268
DEST_AIRPORT_ID,14270
DEST_AIRPORT_ID,14273
DEST_AIRPORT_ID,14275
DEST_AIRPORT_ID,14276
DEST_AIRPORT_ID,14278
DEST_AIRPORT_ID,14282
DEST_AIRPORT_ID,14286
DEST_AIRPORT_ID,14288
DEST_AIRPORT_ID,14293
DEST_AIRPORT_ID,14299
DEST_AIRPORT_ID,14303
DEST_AIRPORT_ID,14306
DEST_AIRPORT_ID,14307
DEST_AIRPORT_ID,14309
DEST_AIRPORT_ID,14312
DEST_AIRPORT_ID,14314
DEST_AIRPORT_ID,14321
DEST_AIRPORT_ID,14324
DEST_AIRPORT_ID,14412
DEST_AIRPORT_ID,14451
DEST_AIRPORT_ID,14453
DEST_AIRPORT_ID,14457
DEST_AIRPORT_ID,14458
DEST_AIRPORT_ID,14465
DEST_AIRPORT_ID,14468
DEST_AIRPORT_ID,14474
DEST_AIRPORT_ID,14477
DEST_AIRPORT_ID,14485
DEST_AIRPORT_ID,14487
DEST_AIRPORT_ID,14489
DEST_AIRPORT_ID,14492
DEST_AIRPORT_ID,14493
DEST_AIRPORT_ID,14496
DEST_AIRPORT_ID,14512
DEST_AIRPORT_ID,14520
DEST_AIRPORT_ID,14524
DEST_AIRPORT_ID,14534
DEST_AIRPORT_ID,14535
DEST_AIRPORT_ID,14539
DEST_AIRPORT_ID,14543
DEST_AIRPORT_ID,14559
DEST_AIRPORT_ID,14570
DEST_AIRPORT_ID,14572
DEST_AIRPORT_ID,14574
DEST_AIRPORT_ID,14576
DEST_AIRPORT_ID,14582
DEST_AIRPORT_ID,14583
DEST_AIRPORT_ID,14588
DEST_AIRPORT_ID,14627
DEST_AIRPORT_ID,14628
DEST_AIRPORT_ID,14633
DEST_AIRPORT_ID,14635
DEST_AIRPORT_ID,14637
DEST_AIRPORT_ID,14645
DEST_AIRPORT_ID,14648
DEST_AIRPORT_ID,14674
DEST_AIRPORT_ID,14677
DEST_AIRPORT_ID,14679
DEST_AIRPORT_ID,14681
DEST_AIRPORT_ID,14682
DEST_AIRPORT_ID,14683
DEST_AIRPORT_ID,14685
DEST_AIRPORT_ID,14689
DEST_AIRPORT_ID,14691
DEST_AIRPORT_ID,14692
DEST_AIRPORT_ID,14695
DEST_AIRPORT_ID,14696
DEST_AIRPORT_ID,14698
DEST_AIRPORT_ID,14704
DEST_AIRPORT_ID,14709
DEST_AIRPORT_ID,14711
DEST_AIRPORT_ID,14712
DEST_AIRPORT_ID,14716
DEST_AIRPORT_ID,14717
DEST_AIRPORT_ID,14718
DEST_AIRPORT_ID,14730
DEST_AIRPORT_ID,14733
DEST_AIRPORT_ID,14738
DEST_AIRPORT_ID,14739
DEST_AIRPORT_ID,14745
DEST_AIRPORT_ID,14747
DEST_AIRPORT_ID,14761
DEST_AIRPORT_ID,14771
DEST_AIRPORT_ID,14783
DEST_AIRPORT_ID,14794
DEST_AIRPORT_ID,14797
DEST_AIRPORT_ID,14802
DEST_AIRPORT_ID,14804
DEST_AIRPORT_ID,14805
DEST_AIRPORT_ID,14812
DEST_AIRPORT_ID,14814
DEST_AIRPORT_ID,14816
DEST_AIRPORT_ID,14819
DEST_AIRPORT_ID,14824
DEST_AIRPORT_ID,14828
DEST_AIRPORT_ID,14831
DEST_AIRPORT_ID,14832
DEST_AIRPORT_ID,14838
DEST_AIRPORT_ID,14842
DEST_AIRPORT_ID,14843
DEST_AIRPORT_ID,14849
DEST_AIRPORT_ID,14856
DEST_AIRPORT_ID,14863
DEST_AIRPORT_ID,14869
DEST_AIRPORT_ID,14871
DEST_AIRPORT_ID,14875
DEST_AIRPORT_ID,14877
DEST_AIRPORT_ID,14879
DEST_AIRPORT_ID,14880
DEST_AIRPORT_ID,14886
DEST_AIRPORT_ID,14893
DEST_AIRPORT_ID,14895
DEST_AIRPORT_ID,14897
DEST_AIRPORT_ID,14905
DEST_AIRPORT_ID,14908
DEST_AIRPORT_ID,14918
DEST_AIRPORT_ID,14919
DEST_AIRPORT_ID,14922
DEST_AIRPORT_ID,14924
DEST_AIRPORT_ID,14942
DEST_AIRPORT_ID,14943
DEST_AIRPORT_ID,14945
DEST_AIRPORT_ID,14952
DEST_AIRPORT_ID,14955
DEST_AIRPORT_ID,14960
DEST_AIRPORT_ID,14967
DEST_AIRPORT_ID,14986
DEST_AIRPORT_ID,14987
DEST_AIRPORT_ID,14991
DEST_AIRPORT_ID,14992
DEST_AIRPORT_ID,15008
DEST_AIRPORT_ID,15012
DEST_AIRPORT_ID,15013
DEST_AIRPORT_ID,15016
DEST_AIRPORT_ID,15018
DEST_AIRPORT_ID,15022
DEST_AIRPORT_ID,15023
DEST_AIRPORT_ID,15024
DEST_AIRPORT_ID,15027
DEST_AIRPORT_ID,15041
DEST_AIRPORT_ID,15048
DEST_AIRPORT_ID,15049
DEST_AIRPORT_ID,15051
DEST_AIRPORT_ID,15052
DEST_AIRPORT_ID,15053
DEST_AIRPORT_ID,15058
DEST_AIRPORT_ID,15061
DEST_AIRPORT_ID,15070
DEST_AIRPORT_ID,15074
DEST_AIRPORT_ID,15081
DEST_AIRPORT_ID,15084
DEST_AIRPORT_ID,15085
DEST_AIRPORT_ID,15091
DEST_AIRPORT_ID,15092
DEST_AIRPORT_ID,15096
DEST_AIRPORT_ID,15113
DEST_AIRPORT_ID,15115
DEST_AIRPORT_ID,15124
DEST_AIRPORT_ID,15125
DEST_AIRPORT_ID,15127
DEST_AIRPORT_ID,15138
DEST_AIRPORT_ID,15147
DEST_AIRPORT_ID,15160
DEST_AIRPORT_ID,15171
DEST_AIRPORT_ID,15174
DEST_AIRPORT_ID,15177
DEST_AIRPORT_ID,15192
DEST_AIRPORT_ID,15210
DEST_AIRPORT_ID,15215
DEST_AIRPORT_ID,15231
DEST_AIRPORT_ID,15232
DEST_AIRPORT_ID,15236
DEST_AIRPORT_ID,15237
DEST_AIRPORT_ID,15245
DEST_AIRPORT_ID,15246
DEST_AIRPORT_ID,15249
DEST_AIRPORT_ID,15250
DEST_AIRPORT_ID,15257
DEST_AIRPORT_ID,15258
DEST_AIRPORT_ID,15277
DEST_AIRPORT_ID,15278
DEST_AIRPORT_ID,15282
DEST_AIRPORT_ID,15293
DEST_AIRPORT_ID,15295
DEST_AIRPORT_ID,15304
DEST_AIRPORT_ID,15306
DEST_AIRPORT_ID,15317
DEST_AIRPORT_ID,15323
DEST_AIRPORT_ID,15356
DEST_AIRPORT_ID,15370
DEST_AIRPORT_ID,15374
DEST_AIRPORT_ID,15376
DEST_AIRPORT_ID,15380
DEST_AIRPORT_ID,15381
DEST_AIRPORT_ID,15385
DEST_AIRPORT_ID,15389
DEST_AIRPORT_ID,15401
DEST_AIRPORT_ID,15402
DEST_AIRPORT_ID,15409
DEST_AIRPORT_ID,15411
DEST_AIRPORT_ID,15412
DEST_AIRPORT_ID,15417
DEST_AIRPORT_ID,15444
DEST_AIRPORT_ID,15446
DEST_AIRPORT_ID,15448
DEST_AIRPORT_ID,15454
DEST_AIRPORT_ID,15455
DEST_AIRPORT_ID,15478
DEST_AIRPORT_ID,15483
DEST_AIRPORT_ID,15497
DEST_AIRPORT_ID,15502
DEST_AIRPORT_ID,15504
DEST_AIRPORT_ID,15513
DEST_AIRPORT_ID,15554
DEST_AIRPORT_ID,15566
DEST_AIRPORT_ID,15567
DEST_AIRPORT_ID,15569
DEST_AIRPORT_ID,15579
DEST_AIRPORT_ID,15581
DEST_AIRPORT_ID,15582
DEST_AIRPORT_ID,15584
DEST_AIRPORT_ID,15595
DEST_AIRPORT_ID,15601
DEST_AIRPORT_ID,15607
DEST_AIRPORT_ID,15624
DEST_AIRPORT_ID,15626
DEST_AIRPORT_ID,15627
DEST_AIRPORT_ID,15628
DEST_AIRPORT_ID,15632
DEST_AIRPORT_ID,15643
DEST_AIRPORT_ID,15689
DEST_AIRPORT_ID,15709
DEST_AIRPORT_ID,15718
DEST_AIRPORT_ID,15721
DEST_AIRPORT_ID,15725
DEST_AIRPORT_ID,15741
DEST_AIRPORT_ID,15754
DEST_AIRPORT_ID,15785
DEST_AIRPORT_ID,15793
DEST_AIRPORT_ID,15794
DEST_AIRPORT_ID,15798
DEST_AIRPORT_ID,15838
DEST_AIRPORT_ID,15841
DEST_AIRPORT_ID,15843
DEST_AIRPORT_ID,15853
DEST_AIRPORT_ID,15855
DEST_AIRPORT_ID,15856
DEST_AIRPORT_ID,15861
DEST_AIRPORT_ID,15862
DEST_AIRPORT_ID,15868
DEST_AIRPORT_ID,15885
DEST_AIRPORT_ID,15887
DEST_AIRPORT_ID,15917
DEST_AIRPORT_ID,15919
DEST_AIRPORT_ID,15923
DEST_AIRPORT_ID,15991
DEST_AIRPORT_ID,15994
DEST_AIRPORT_ID,16016
DEST_AIRPORT_ID,16017
DEST_AIRPORT_ID,16042
DEST_AIRPORT_ID,16057
DEST_AIRPORT_ID,16078
DEST_AIRPORT_ID,16085
DEST_AIRPORT_ID,16088
DEST_AIRPORT_ID,16097
DEST_AIRPORT_ID,16101
DEST_AIRPORT_ID,16115
DEST_AIRPORT_ID,16121
DEST_AIRPORT_ID,16133
DEST_AIRPORT_ID,16149
DEST_AIRPORT_ID,16163
DEST_AIRPORT_ID,16171
DEST_AIRPORT_ID,16173
DEST_AIRPORT_ID,16174
DEST_AIRPORT_ID,16178
DEST_AIRPORT_ID,16204
DEST_AIRPORT_ID,16208
DEST_AIRPORT_ID,16215
DEST_AIRPORT_ID,16217
DEST_AIRPORT_ID,16218
DEST_AIRPORT_ID,16229
DEST_AIRPORT_ID,16232
DEST_AIRPORT_ID,16233
DEST_AIRPORT_ID,16240
DEST_AIRPORT_ID,16242
DEST_AIRPORT_ID,16252
DEST_AIRPORT_ID,16254
DEST_AIRPORT_ID,16257
DEST_AIRPORT_ID,16263
DEST_AIRPORT_ID,16267
DEST_AIRPORT_ID,16268
DEST_AIRPORT_ID,16271
DEST_AIRPORT_ID,16293
DEST_AIRPORT_ID,16304
DEST_AIRPORT_ID,16306
DEST_AIRPORT_ID,16310
DEST_AIRPORT_ID,16321
DEST_AIRPORT_ID,16340
DEST_AIRPORT_ID,16345
DEST_AIRPORT_ID,16346
DEST_AIRPORT_ID,16422
DEST_AIRPORT_ID,16477
DEST_AIRPORT_ID,16567
DEST_AIRPORT_ID,16603
DEST_AIRPORT_ID,16621
DEST_AIRPORT_ID,16647
DEST_AIRPORT_ID,16782
DEST_AIRPORT_ID,16832
DEST_AIRPORT_ID,16845
DEST_AIRPORT_ID,16852
DEST_AIRPORT_ID,16869
DEST_AIRPORT_ID,16996
DEST_AIRPORT_ID,16998
ORIGIN_CITY_MARKET_ID,30005
ORIGIN_CITY_MARKET_ID,30007
ORIGIN_CITY_MARKET_ID,30009
ORIGIN_CITY_MARKET_ID,30011
ORIGIN_CITY_MARKET_ID,30020
ORIGIN_CITY_MARKET_ID,30056
ORIGIN_CITY_MARKET_ID,30070
ORIGIN_CITY_MARKET_ID,30073
ORIGIN_CITY_MARKET_ID,30082
ORIGIN_CITY_MARKET_ID,30107
ORIGIN_CITY_MARKET_ID,30113
ORIGIN_CITY_MARKET_ID,30135
ORIGIN_CITY_MARKET_ID,30136
ORIGIN_CITY_MARKET_ID,30139
ORIGIN_CITY_MARKET_ID,30140
ORIGIN_CITY_MARKET_ID,30141
ORIGIN_CITY_MARKET_ID,30146
ORIGIN_CITY_MARKET_ID,30148
ORIGIN_CITY_MARKET_ID,30150
ORIGIN_CITY_MARKET_ID,30154
ORIGIN_CITY_MARKET_ID,30155
ORIGIN_CITY_MARKET_ID,30157
ORIGIN_CITY_MARKET_ID,30158
ORIGIN_CITY_MARKET_ID,30162
ORIGIN_CITY_MARKET_ID,30164
ORIGIN_CITY_MARKET_ID,30165
ORIGIN_CITY_MARKET_ID,30181
ORIGIN_CITY_MARKET_ID,30184
ORIGIN_CITY_MARKET_ID,30185
ORIGIN_CITY_MARKET_ID,30189
ORIGIN_CITY_MARKET_ID,30194
ORIGIN_CITY_MARKET_ID,30198
ORIGIN_CITY_MARKET_ID,30204
ORIGIN_CITY_MARKET_ID,30208
ORIGIN_CITY_MARKET_ID,30210
ORIGIN_CITY_MARKET_ID,30216
ORIGIN_CITY_MARKET_ID,30221
ORIGIN_CITY_MARKET_ID,30225
ORIGIN_CITY_MARKET_ID,30237
ORIGIN_CITY_MARKET_ID,30241
ORIGIN_CITY_MARKET_ID,30243
ORIGIN_CITY_MARKET_ID,30244
ORIGIN_CITY_MARKET_ID,30245
ORIGIN_CITY_MARKET_ID,30247
ORIGIN_CITY_MARKET_ID,30255
ORIGIN_CITY_MARKET_ID,30257
ORIGIN_CITY_MARKET_ID,30266
ORIGIN_CITY_MARKET_ID,30268
ORIGIN_CITY_MARKET_ID,30272
ORIGIN_CITY_MARKET_ID,30275
ORIGIN_CITY_MARKET_ID,30278
ORIGIN_CITY_MARKET_ID,30279
ORIGIN_CITY_MARKET_ID,30285
ORIGIN_CITY_MARKET_ID,30292
ORIGIN_CITY_MARKET_ID,30299
ORIGIN_CITY_MARKET_ID,30304
ORIGIN_CITY_MARKET_ID,30312
ORIGIN_CITY_MARKET_ID,30313
ORIGIN_CITY_MARKET_ID,30322
ORIGIN_CITY_MARKET_ID,30324
ORIGIN_CITY_MARKET_ID,30325
ORIGIN_CITY_MARKET_ID,30329
ORIGIN_CITY_MARKET_ID,30333
ORIGIN_CITY_MARKET_ID,30338
ORIGIN_CITY_MARKET_ID,30349
ORIGIN_CITY_MARKET_ID,30357
ORIGIN_CITY_MARKET_ID,30361
ORIGIN_CITY_MARKET_ID,30372
ORIGIN_CITY_MARKET_ID,30386
ORIGIN_CITY_MARKET_ID,30394
ORIGIN_CITY_MARKET_ID,30396
ORIGIN_CITY_MARKET_ID,30397
ORIGIN_CITY_MARKET_ID,30405
ORIGIN_CITY_MARKET_ID,30408
ORIGIN_CITY_MARKET_ID,30409
ORIGIN_CITY_MARKET_ID,30411
ORIGIN_CITY_MARKET_ID,30414
ORIGIN_CITY_MARKET_ID,30415
ORIGIN_CITY_MARKET_ID,30416
ORIGIN_CITY_MARKET_ID,30423
ORIGIN_CITY_MARKET_ID,30424
ORIGIN_CITY_MARKET_ID,30431
ORIGIN_CITY_MARKET_ID,30434
ORIGIN_CITY_MARKET_ID,30436
ORIGIN_CITY_MARKET_ID,30444
ORIGIN_CITY_MARKET_ID,30448
ORIGIN_CITY_MARKET_ID,30463
ORIGIN_CITY_MARKET_ID,30466
ORIGIN_CITY_MARKET_ID,30469
ORIGIN_CITY_MARKET_ID,30470
ORIGIN_CITY_MARKET_ID,30476
ORIGIN_CITY_MARKET_ID,30486
ORIGIN_CITY_MARKET_ID,30517
ORIGIN_CITY_MARKET_ID,30521
ORIGIN_CITY_MARKET_ID,30529
ORIGIN_CITY_MARKET_ID,30535
ORIGIN_CITY_MARKET_ID,30540
ORIGIN_CITY_MARKET_ID,30542
ORIGIN_CITY_MARKET_ID,30545
ORIGIN_CITY_MARKET_ID,30549
ORIGIN_CITY_MARKET_ID,30556
ORIGIN_CITY_MARKET_ID,30557
ORIGIN_CITY_MARKET_ID,30558
ORIGIN_CITY_MARKET_ID,30559
ORIGIN_CITY_MARKET_ID,30561
ORIGIN_CITY_MARKET_ID,30562
ORIGIN_CITY_MARKET_ID,30568
ORIGIN_CITY_MARKET_ID,30570
ORIGIN_CITY_MARKET_ID,30575
ORIGIN_CITY_MARKET_ID,30577
ORIGIN_CITY_MARKET_ID,30581
ORIGIN_CITY_MARKET_ID,30589
ORIGIN_CITY_MARKET_ID,30590
ORIGIN_CITY_MARKET_ID,30599
ORIGIN_CITY_MARKET_ID,30608
ORIGIN_CITY_MARKET_ID,30610
ORIGIN_CITY_MARKET_ID,30613
ORIGIN_CITY_MARKET_ID,30615
ORIGIN_CITY_MARKET_ID,30617
ORIGIN_CITY_MARKET_ID,30620
ORIGIN_CITY_MARKET_ID,30621
ORIGIN_CITY_MARKET_ID,30627
ORIGIN_CITY_MARKET_ID,30631
ORIGIN_CITY_MARKET_ID,30638
ORIGIN_CITY_MARKET_ID,30640
ORIGIN_CITY_MARKET_ID,30643
ORIGIN_CITY_MARKET_ID,30646
ORIGIN_CITY_MARKET_ID,30647
ORIGIN_CITY_MARKET_ID,30654
ORIGIN_CITY_MARKET_ID,30658
ORIGIN_CITY_MARKET_ID,30661
ORIGIN_CITY_MARKET_ID,30666
ORIGIN_CITY_MARKET_ID,30674
ORIGIN_CITY_MARKET_ID,30676
ORIGIN_CITY_MARKET_ID,30683
ORIGIN_CITY_MARKET_ID,30685
ORIGIN_CITY_MARKET_ID,30693
ORIGIN_CITY_MARKET_ID,30696
ORIGIN_CITY_MARKET_ID,30711
ORIGIN_CITY_MARKET_ID,30713
ORIGIN_CITY_MARKET_ID,30716
ORIGIN_CITY_MARKET_ID,30717
ORIGIN_CITY_MARKET_ID,30721
ORIGIN_CITY_MARKET_ID,30728
ORIGIN_CITY_MARKET_ID,30730
ORIGIN_CITY_MARKET_ID,30731
ORIGIN_CITY_MARKET_ID,30732
ORIGIN_CITY_MARKET_ID,30739
ORIGIN_CITY_MARKET_ID,30744
ORIGIN_CITY_MARKET_ID,30747
ORIGIN_CITY_MARKET_ID,30752
ORIGIN_CITY_MARKET_ID,30758
ORIGIN_CITY_MARKET_ID,30770
ORIGIN_CITY_MARKET_ID,30775
ORIGIN_CITY_MARKET_ID,30779
ORIGIN_CITY_MARKET_ID,30781
ORIGIN_CITY_MARKET_ID,30783
ORIGIN_CITY_MARKET_ID,30785
ORIGIN_CITY_MARKET_ID,30790
ORIGIN_CITY_MARKET_ID,30792
ORIGIN_CITY_MARKET_ID,30846
ORIGIN_CITY_MARKET_ID,30849
ORIGIN_CITY_MARKET_ID,30852
ORIGIN_CITY_MARKET_ID,30863
ORIGIN_CITY_MARKET_ID,30868
ORIGIN_CITY_MARKET_ID,30872
ORIGIN_CITY_MARKET_ID,30877
ORIGIN_CITY_MARKET_ID,30878
ORIGIN_CITY_MARKET_ID,30880
ORIGIN_CITY_MARKET_ID,30894
ORIGIN_CITY_MARKET_ID,30911
ORIGIN_CITY_MARKET_ID,30913
ORIGIN_CITY_MARKET_ID,30916
ORIGIN_CITY_MARKET_ID,30918
ORIGIN_CITY_MARKET_ID,30920
ORIGIN_CITY_MARKET_ID,30925
ORIGIN_CITY_MARKET_ID,30928
ORIGIN_CITY_MARKET_ID,30929
ORIGIN_CITY_MARKET_ID,30930
ORIGIN_CITY_MARKET_ID,30938
ORIGIN_CITY_MARKET_ID,30950
ORIGIN_CITY_MARKET_ID,30951
ORIGIN_CITY_MARKET_ID,30961
ORIGIN_CITY_MARKET_ID,30966
ORIGIN_CITY_MARKET_ID,30967
ORIGIN_CITY_MARKET_ID,30970
ORIGIN_CITY_MARKET_ID,30977
ORIGIN_CITY_MARKET_ID,30980
ORIGIN_CITY_MARKET_ID,30990
ORIGIN_CITY_MARKET_ID,30994
ORIGIN_CITY_MARKET_ID,30996
ORIGIN_CITY_MARKET_ID,31000
ORIGIN_CITY_MARKET_ID,31003
ORIGIN_CITY_MARKET_ID,31007
ORIGIN_CITY_MARKET_ID,31013
ORIGIN_CITY_MARKET_ID,31027
ORIGIN_CITY_MARKET_ID,31028
ORIGIN_CITY_MARKET_ID,31032
ORIGIN_CITY_MARKET_ID,31036
ORIGIN_CITY_MARKET_ID,31041
ORIGIN_CITY_MARKET_ID,31049
ORIGIN_CITY_MARKET_ID,31050
ORIGIN_CITY_MARKET_ID,31052
ORIGIN_CITY_MARKET_ID,31053
ORIGIN_CITY_MARKET_ID,31057
ORIGIN_CITY_MARKET_ID,31063
ORIGIN_CITY_MARKET_ID,31066
ORIGIN_CITY_MARKET_ID,31067
ORIGIN_CITY_MARKET_ID,31075
ORIGIN_CITY_MARKET_ID,31076
ORIGIN_CITY_MARKET_ID,31085
ORIGIN_CITY_MARKET_ID,31092
ORIGIN_CITY_MARKET_ID,31097
ORIGIN_CITY_MARKET_ID,31108
ORIGIN_CITY_MARKET_ID,31118
ORIGIN_CITY_MARKET_ID,31122
ORIGIN_CITY_MARKET_ID,31123
ORIGIN_CITY_MARKET_ID,31124
ORIGIN_CITY_MARKET_ID,31126
ORIGIN_CITY_MARKET_ID,31135
ORIGIN_CITY_MARKET_ID,31136
ORIGIN_CITY_MARKET_ID,31140
ORIGIN_CITY_MARKET_ID,31146
ORIGIN_CITY_MARKET_ID,31150
ORIGIN_CITY_MARKET_ID,31164
ORIGIN_CITY_MARKET_ID,31170
ORIGIN_CITY_MARKET_ID,31172
ORIGIN_CITY_MARKET_ID,31180
ORIGIN_CITY_MARKET_ID,31185
ORIGIN_CITY_MARKET_ID,31187
ORIGIN_CITY_MARKET_ID,31197
ORIGIN_CITY_MARKET_ID,31205
ORIGIN_CITY_MARKET_ID,31214
ORIGIN_CITY_MARKET_ID,31215
ORIGIN_CITY_MARKET_ID,31216
ORIGIN_CITY_MARKET_ID,31223
ORIGIN_CITY_MARKET_ID,31225
ORIGIN_CITY_MARKET_ID,31227
ORIGIN_CITY_MARKET_ID,31230
ORIGIN_CITY_MARKET_ID,31233
ORIGIN_CITY_MARKET_ID,31241
ORIGIN_CITY_MARKET_ID,31244
ORIGIN_CITY_MARKET_ID,31245
ORIGIN_CITY_MARKET_ID,31252
ORIGIN_CITY_MARKET_ID,31267
ORIGIN_CITY_MARKET_ID,31274
ORIGIN_CITY_MARKET_ID,31279
ORIGIN_CITY_MARKET_ID,31283
ORIGIN_CITY_MARKET_ID,31288
ORIGIN_CITY_MARKET_ID,31290
ORIGIN_CITY_MARKET_ID,31295
ORIGIN_CITY_MARKET_ID,31301
ORIGIN_CITY_MARKET_ID,31308
ORIGIN_CITY_MARKET_ID,31315
ORIGIN_CITY_MARKET_ID,31332
ORIGIN_CITY_MARKET_ID,31335
ORIGIN_CITY_MARKET_ID,31336
ORIGIN_CITY_MARKET_ID,31337
ORIGIN_CITY_MARKET_ID,31345
ORIGIN_CITY_MARKET_ID,31347
ORIGIN_CITY_MARKET_ID,31348
ORIGIN_CITY_MARKET_ID,31367
ORIGIN_CITY_MARKET_ID,31369
ORIGIN_CITY_MARKET_ID,31401
ORIGIN_CITY_MARKET_ID,31402
ORIGIN_CITY_MARKET_ID,31406
ORIGIN_CITY_MARKET_ID,31411
ORIGIN_CITY_MARKET_ID,31421
ORIGIN_CITY_MARKET_ID,31423
ORIGIN_CITY_MARKET_ID,31431
ORIGIN_CITY_MARKET_ID,31435
ORIGIN_CITY_MARKET_ID,31441
ORIGIN_CITY_MARKET_ID,31445
ORIGIN_CITY_MARKET_ID,31447
ORIGIN_CITY_MARKET_ID,31453
ORIGIN_CITY_MARKET_ID,31454
ORIGIN_CITY_MARKET_ID,31455
ORIGIN_CITY_MARKET_ID,31463
ORIGIN_CITY_MARKET_ID,31464
ORIGIN_CITY_MARKET_ID,31468
ORIGIN_CITY_MARKET_ID,31470
ORIGIN_CITY_MARKET_ID,31471
ORIGIN_CITY_MARKET_ID,31481
ORIGIN_CITY_MARKET_ID,31484
ORIGIN_CITY_MARKET_ID,31488
ORIGIN_CITY_MARKET_ID,31492
ORIGIN_CITY_MARKET_ID,31501
ORIGIN_CITY_MARKET_ID,31503
ORIGIN_CITY_MARKET_ID,31504
ORIGIN_CITY_MARKET_ID,31511
ORIGIN_CITY_MARKET_ID,31512
ORIGIN_CITY_MARKET_ID,31517
ORIGIN_CITY_MARKET_ID,31525
ORIGIN_CITY_MARKET_ID,31531
ORIGIN_CITY_MARKET_ID,31534
ORIGIN_CITY_MARKET_ID,31535
ORIGIN_CITY_MARKET_ID,31537
ORIGIN_CITY_MARKET_ID,31545
ORIGIN_CITY_MARKET_ID,31547
ORIGIN_CITY_MARKET_ID,31550
ORIGIN_CITY_MARKET_ID,31555
ORIGIN_CITY_MARKET_ID,31559
ORIGIN_CITY_MARKET_ID,31565
ORIGIN_CITY_MARKET_ID,31577
ORIGIN_CITY_MARKET_ID,31584
ORIGIN_CITY_MARKET_ID,31587
ORIGIN_CITY_MARKET_ID,31588
ORIGIN_CITY_MARKET_ID,31603
ORIGIN_CITY_MARKET_ID,31612
ORIGIN_CITY_MARKET_ID,31615
ORIGIN_CITY_MARKET_ID,31617
ORIGIN_CITY_MARKET_ID,31619
ORIGIN_CITY_MARKET_ID,31621
ORIGIN_CITY_MARKET_ID,31624
ORIGIN_CITY_MARKET_ID,31637
ORIGIN_CITY_MARKET_ID,31638
ORIGIN_CITY_MARKET_ID,31641
ORIGIN_CITY_MARKET_ID,31646
ORIGIN_CITY_MARKET_ID,31647
ORIGIN_CITY_MARKET_ID,31648
ORIGIN_CITY_MARKET_ID,31650
ORIGIN_CITY_MARKET_ID,31654
ORIGIN_CITY_MARKET_ID,31684
ORIGIN_CITY_MARKET_ID,31695
ORIGIN_CITY_MARKET_ID,31699
ORIGIN_CITY_MARKET_ID,31703
ORIGIN_CITY_MARKET_ID,31711
ORIGIN_CITY_MARKET_ID,31714
ORIGIN_CITY_MARKET_ID,31716
ORIGIN_CITY_MARKET_ID,31719
ORIGIN_CITY_MARKET_ID,31720
ORIGIN_CITY_MARKET_ID,31721
ORIGIN_CITY_MARKET_ID,31724
ORIGIN_CITY_MARKET_ID,31725
ORIGIN_CITY_MARKET_ID,31726
ORIGIN_CITY_MARKET_ID,31730
ORIGIN_CITY_MARKET_ID,31731
ORIGIN_CITY_MARKET_ID,31760
ORIGIN_CITY_MARKET_ID,31764
ORIGIN_CITY_MARKET_ID,31775
ORIGIN_CITY_MARKET_ID,31778
ORIGIN_CITY_MARKET_ID,31793
ORIGIN_CITY_MARKET_ID,31823
ORIGIN_CITY_MARKET_ID,31833
ORIGIN_CITY_MARKET_ID,31834
ORIGIN_CITY_MARKET_ID,31844
ORIGIN_CITY_MARKET_ID,31845
ORIGIN_CITY_MARKET_ID,31856
ORIGIN_CITY_MARKET_ID,31859
ORIGIN_CITY_MARKET_ID,31865
ORIGIN_CITY_MARKET_ID,31867
ORIGIN_CITY_MARKET_ID,31868
ORIGIN_CITY_MARKET_ID,31871
ORIGIN_CITY_MARKET_ID,31874
ORIGIN_CITY_MARKET_ID,31879
ORIGIN_CITY_MARKET_ID,31884
ORIGIN_CITY_MARKET_ID,31888
ORIGIN_CITY_MARKET_ID,31895
ORIGIN_CITY_MARKET_ID,31898
ORIGIN_CITY_MARKET_ID,31905
ORIGIN_CITY_MARKET_ID,31910
ORIGIN_CITY_MARKET_ID,31911
ORIGIN_CITY_MARKET_ID,31915
ORIGIN_CITY_MARKET_ID,31921
ORIGIN_CITY_MARKET_ID,31924
ORIGIN_CITY_MARKET_ID,31928
ORIGIN_CITY_MARKET_ID,31931
ORIGIN_CITY_MARKET_ID,31941
ORIGIN_CITY_MARKET_ID,31945
ORIGIN_CITY_MARKET_ID,31950
ORIGIN_CITY_MARKET_ID,31952
ORIGIN_CITY_MARKET_ID,31953
ORIGIN_CITY_MARKET_ID,31961
ORIGIN_CITY_MARKET_ID,31973
ORIGIN_CITY_MARKET_ID,31977
ORIGIN_CITY_MARKET_ID,31980
ORIGIN_CITY_MARKET_ID,31982
ORIGIN_CITY_MARKET_ID,31986
ORIGIN_CITY_MARKET_ID,31995
ORIGIN_CITY_MARKET_ID,31997
ORIGIN_CITY_MARKET_ID,32010
ORIGIN_CITY_MARKET_ID,32012
ORIGIN_CITY_MARKET_ID,32016
ORIGIN_CITY_MARKET_ID,32018
ORIGIN_CITY_MARKET_ID,32026
ORIGIN_CITY_MARKET_ID,32051
ORIGIN_CITY_MARKET_ID,32052
ORIGIN_CITY_MARKET_ID,32066
ORIGIN_CITY_MARKET_ID,32070
ORIGIN_CITY_MARKET_ID,32073
ORIGIN_CITY_MARKET_ID,32087
ORIGIN_CITY_MARKET_ID,32101
ORIGIN_CITY_MARKET_ID,32105
ORIGIN_CITY_MARKET_ID,32115
ORIGIN_CITY_MARKET_ID,32119
ORIGIN_CITY_MARKET_ID,32124
ORIGIN_CITY_MARKET_ID,32126
ORIGIN_CITY_MARKET_ID,32129
ORIGIN_CITY_MARKET_ID,32131
ORIGIN_CITY_MARKET_ID,32133
ORIGIN_CITY_MARKET_ID,32134
ORIGIN_CITY_MARKET_ID,32141
ORIGIN_CITY_MARKET_ID,32156
ORIGIN_CITY_MARKET_ID,32164
ORIGIN_CITY_MARKET_ID,32169
ORIGIN_CITY_MARKET_ID,32171
ORIGIN_CITY_MARKET_ID,32174
ORIGIN_CITY_MARKET_ID,32177
ORIGIN_CITY_MARKET_ID,32180
ORIGIN_CITY_MARKET_ID,32185
ORIGIN_CITY_MARKET_ID,32190
ORIGIN_CITY_MARKET_ID,32195
ORIGIN_CITY_MARKET_ID,32206
ORIGIN_CITY_MARKET_ID,32207
ORIGIN_CITY_MARKET_ID,32211
ORIGIN_CITY_MARKET_ID,32214
ORIGIN_CITY_MARKET_ID,32223
ORIGIN_CITY_MARKET_ID,32235
ORIGIN_CITY_MARKET_ID,32239
ORIGIN_CITY_MARKET_ID,32244
ORIGIN_CITY_MARKET_ID,32245
ORIGIN_CITY_MARKET_ID,32250
ORIGIN_CITY_MARKET_ID,32252
ORIGIN_CITY_MARKET_ID,32253
ORIGIN_CITY_MARKET_ID,32255
ORIGIN_CITY_MARKET_ID,32265
ORIGIN_CITY_MARKET_ID,32268
ORIGIN_CITY_MARKET_ID,32280
ORIGIN_CITY_MARKET_ID,32287
ORIGIN_CITY_MARKET_ID,32294
ORIGIN_CITY_MARKET_ID,32297
ORIGIN_CITY_MARKET_ID,32315
ORIGIN_CITY_MARKET_ID,32320
ORIGIN_CITY_MARKET_ID,32321
ORIGIN_CITY_MARKET_ID,32323
ORIGIN_CITY_MARKET_ID,32335
ORIGIN_CITY_MARKET_ID,32337
ORIGIN_CITY_MARKET_ID,32343
ORIGIN_CITY_MARKET_ID,32363
ORIGIN_CITY_MARKET_ID,32365
ORIGIN_CITY_MARKET_ID,32370
ORIGIN_CITY_MARKET_ID,32375
ORIGIN_CITY_MARKET_ID,32389
ORIGIN_CITY_MARKET_ID,32390
ORIGIN_CITY_MARKET_ID,32395
ORIGIN_CITY_MARKET_ID,32397
ORIGIN_CITY_MARKET_ID,32400
ORIGIN_CITY_MARKET_ID,32402
ORIGIN_CITY_MARKET_ID,32412
ORIGIN_CITY_MARKET_ID,32436
ORIGIN_CITY_MARKET_ID,32441
ORIGIN_CITY_MARKET_ID,32448
ORIGIN_CITY_MARKET_ID,32455
ORIGIN_CITY_MARKET_ID,32457
ORIGIN_CITY_MARKET_ID,32467
ORIGIN_CITY_MARKET_ID,32472
ORIGIN_CITY_MARKET_ID,32474
ORIGIN_CITY_MARKET_ID,32492
ORIGIN_CITY_MARKET_ID,32494
ORIGIN_CITY_MARKET_ID,32511
ORIGIN_CITY_MARKET_ID,32519
ORIGIN_CITY_MARKET_ID,32520
ORIGIN_CITY_MARKET_ID,32523
ORIGIN_CITY_MARKET_ID,32544
ORIGIN_CITY_MARKET_ID,32547
ORIGIN_CITY_MARKET_ID,32549
ORIGIN_CITY_MARKET_ID,32556
ORIGIN_CITY_MARKET_ID,32559
ORIGIN_CITY_MARKET_ID,32575
ORIGIN_CITY_MARKET_ID,32600
ORIGIN_CITY_MARKET_ID,32610
ORIGIN_CITY_MARKET_ID,32615
ORIGIN_CITY_MARKET_ID,32621
ORIGIN_CITY_MARKET_ID,32631
ORIGIN_CITY_MARKET_ID,32633
ORIGIN_CITY_MARKET_ID,32649
ORIGIN_CITY_MARKET_ID,32651
ORIGIN_CITY_MARKET_ID,32653
ORIGIN_CITY_MARKET_ID,32663
ORIGIN_CITY_MARKET_ID,32671
ORIGIN_CITY_MARKET_ID,32676
ORIGIN_CITY_MARKET_ID,32681
ORIGIN_CITY_MARKET_ID,32693
ORIGIN_CITY_MARKET_ID,32704
ORIGIN_CITY_MARKET_ID,32705
ORIGIN_CITY_MARKET_ID,32708
ORIGIN_CITY_MARKET_ID,32709
ORIGIN_CITY_MARKET_ID,32719
ORIGIN_CITY_MARKET_ID,32720
ORIGIN_CITY_MARKET_ID,32721
ORIGIN_CITY_MARKET_ID,32737
ORIGIN_CITY_MARKET_ID,32743
ORIGIN_CITY_MARKET_ID,32748
ORIGIN_CITY_MARKET_ID,32755
ORIGIN_CITY_MARKET_ID,32758
ORIGIN_CITY_MARKET_ID,32769
ORIGIN_CITY_MARKET_ID,32771
ORIGIN_CITY_MARKET_ID,32772
ORIGIN_CITY_MARKET_ID,32773
ORIGIN_CITY_MARKET_ID,32774
ORIGIN_CITY_MARKET_ID,32779
ORIGIN_CITY_MARKET_ID,32782
ORIGIN_CITY_MARKET_ID,32784
ORIGIN_CITY_MARKET_ID,32785
ORIGIN_CITY_MARKET_ID,32789
ORIGIN_CITY_MARKET_ID,32807
ORIGIN_CITY_MARKET_ID,32815
ORIGIN_CITY_MARKET_ID,32822
ORIGIN_CITY_MARKET_ID,32831
ORIGIN_CITY_MARKET_ID,32841
ORIGIN_CITY_MARKET_ID,32844
ORIGIN_CITY_MARKET_ID,32849
ORIGIN_CITY_MARKET_ID,32851
ORIGIN_CITY_MARKET_ID,32853
ORIGIN_CITY_MARKET_ID,32854
ORIGIN_CITY_MARKET_ID,32855
ORIGIN_CITY_MARKET_ID,32857
ORIGIN_CITY_MARKET_ID,32866
ORIGIN_CITY_MARKET_ID,32868
ORIGIN_CITY_MARKET_ID,32869
ORIGIN_CITY_MARKET_ID,32878
ORIGIN_CITY_MARKET_ID,32883
ORIGIN_CITY_MARKET_ID,32884
ORIGIN_CITY_MARKET_ID,32888
ORIGIN_CITY_MARKET_ID,32891
ORIGIN_CITY_MARKET_ID,32896
ORIGIN_CITY_MARKET_ID,32898
ORIGIN_CITY_MARKET_ID,32899
ORIGIN_CITY_MARKET_ID,32902
ORIGIN_CITY_MARKET_ID,32932
ORIGIN_CITY_MARKET_ID,32945
ORIGIN_CITY_MARKET_ID,32946
ORIGIN_CITY_MARKET_ID,32951
ORIGIN_CITY_MARKET_ID,32952
ORIGIN_CITY_MARKET_ID,32982
ORIGIN_CITY_MARKET_ID,32983
ORIGIN_CITY_MARKET_ID,32986
ORIGIN_CITY_MARKET_ID,32987
ORIGIN_CITY_MARKET_ID,32990
ORIGIN_CITY_MARKET_ID,32991
ORIGIN_CITY_MARKET_ID,33016
ORIGIN_CITY_MARKET_ID,33024
ORIGIN_CITY_MARKET_ID,33029
ORIGIN_CITY_MARKET_ID,33032
ORIGIN_CITY_MARKET_ID,33034
ORIGIN_CITY_MARKET_ID,33038
ORIGIN_CITY_MARKET_ID,33043
ORIGIN_CITY_MARKET_ID,33044
ORIGIN_CITY_MARKET_ID,33055
ORIGIN_CITY_MARKET_ID,33057
ORIGIN_CITY_MARKET_ID,33068
ORIGIN_CITY_MARKET_ID,33076
ORIGIN_CITY_MARKET_ID,33095
ORIGIN_CITY_MARKET_ID,33105
ORIGIN_CITY_MARKET_ID,33109
ORIGIN_CITY_MARKET_ID,33111
ORIGIN_CITY_MARKET_ID,33121
ORIGIN_CITY_MARKET_ID,33127
ORIGIN_CITY_MARKET_ID,33128
ORIGIN_CITY_MARKET_ID,33139
ORIGIN_CITY_MARKET_ID,33155
ORIGIN_CITY_MARKET_ID,33158
ORIGIN_CITY_MARKET_ID,33162
ORIGIN_CITY_MARKET_ID,33165
ORIGIN_CITY_MARKET_ID,33166
ORIGIN_CITY_MARKET_ID,33169
ORIGIN_CITY_MARKET_ID,33176
ORIGIN_CITY_MARKET_ID,33180
ORIGIN_CITY_MARKET_ID,33182
ORIGIN_CITY_MARKET_ID,33184
ORIGIN_CITY_MARKET_ID,33192
ORIGIN_CITY_MARKET_ID,33194
ORIGIN_CITY_MARKET_ID,33195
ORIGIN_CITY_MARKET_ID,33196
ORIGIN_CITY_MARKET_ID,33198
ORIGIN_CITY_MARKET_ID,33200
ORIGIN_CITY_MARKET_ID,33211
ORIGIN_CITY_MARKET_ID,33214
ORIGIN_CITY_MARKET_ID,33238
ORIGIN_CITY_MARKET_ID,33241
ORIGIN_CITY_MARKET_ID,33244
ORIGIN_CITY_MARKET_ID,33252
ORIGIN_CITY_MARKET_ID,33256
ORIGIN_CITY_MARKET_ID,33264
ORIGIN_CITY_MARKET_ID,33269
ORIGIN_CITY_MARKET_ID,33277
ORIGIN_CITY_MARKET_ID,33282
ORIGIN_CITY_MARKET_ID,33289
ORIGIN_CITY_MARKET_ID,33290
ORIGIN_CITY_MARKET_ID,33304
ORIGIN_CITY_MARKET_ID,33306
ORIGIN_CITY_MARKET_ID,33316
ORIGIN_CITY_MARKET_ID,33342
ORIGIN_CITY_MARKET_ID,33344
ORIGIN_CITY_MARKET_ID,33347
ORIGIN_CITY_MARKET_ID,33348
ORIGIN_CITY_MARKET_ID,33360
ORIGIN_CITY_MARKET_ID,33367
ORIGIN_CITY_MARKET_ID,33369
ORIGIN_CITY_MARKET_ID,33370
ORIGIN_CITY_MARKET_ID,33375
ORIGIN_CITY_MARKET_ID,33377
ORIGIN_CITY_MARKET_ID,33381
ORIGIN_CITY_MARKET_ID,33388
ORIGIN_CITY_MARKET_ID,33398
ORIGIN_CITY_MARKET_ID,33408
ORIGIN_CITY_MARKET_ID,33415
ORIGIN_CITY_MARKET_ID,33424
ORIGIN_CITY_MARKET_ID,33434
ORIGIN_CITY_MARKET_ID,33436
ORIGIN_CITY_MARKET_ID,33459
ORIGIN_CITY_MARKET_ID,33472
ORIGIN_CITY_MARKET_ID,33484
ORIGIN_CITY_MARKET_ID,33485
ORIGIN_CITY_MARKET_ID,33486
ORIGIN_CITY_MARKET_ID,33490
ORIGIN_CITY_MARKET_ID,33495
ORIGIN_CITY_MARKET_ID,33502
ORIGIN_CITY_MARKET_ID,33504
ORIGIN_CITY_MARKET_ID,33514
ORIGIN_CITY_MARKET_ID,33518
ORIGIN_CITY_MARKET_ID,33520
ORIGIN_CITY_MARKET_ID,33532
ORIGIN_CITY_MARKET_ID,33535
ORIGIN_CITY_MARKET_ID,33541
ORIGIN_CITY_MARKET_ID,33543
ORIGIN_CITY_MARKET_ID,33546
ORIGIN_CITY_MARKET_ID,33564
ORIGIN_CITY_MARKET_ID,33570
ORIGIN_CITY_MARKET_ID,33574
ORIGIN_CITY_MARKET_ID,33579
ORIGIN_CITY_MARKET_ID,33594
ORIGIN_CITY_MARKET_ID,33602
ORIGIN_CITY_MARKET_ID,33604
ORIGIN_CITY_MARKET_ID,33605
ORIGIN_CITY_MARKET_ID,33625
ORIGIN_CITY_MARKET_ID,33652
ORIGIN_CITY_MARKET_ID,33654
ORIGIN_CITY_MARKET_ID,33664
ORIGIN_CITY_MARKET_ID,33667
ORIGIN_CITY_MARKET_ID,33676
ORIGIN_CITY_MARKET_ID,33693
ORIGIN_CITY_MARKET_ID,33704
ORIGIN_CITY_MARKET_ID,33710
ORIGIN_CITY_MARKET_ID,33715
ORIGIN_CITY_MARKET_ID,33728
ORIGIN_CITY_MARKET_ID,33743
ORIGIN_CITY_MARKET_ID,33767
ORIGIN_CITY_MARKET_ID,33768
ORIGIN_CITY_MARKET_ID,33770
ORIGIN_CITY_MARKET_ID,33785
ORIGIN_CITY_MARKET_ID,33792
ORIGIN_CITY_MARKET_ID,33795
ORIGIN_CITY_MARKET_ID,33806
ORIGIN_CITY_MARKET_ID,33826
ORIGIN_CITY_MARKET_ID,33830
ORIGIN_CITY_MARKET_ID,33832
ORIGIN_CITY_MARKET_ID,33851
ORIGIN_CITY_MARKET_ID,33853
ORIGIN_CITY_MARKET_ID,33862
ORIGIN_CITY_MARKET_ID,33863
ORIGIN_CITY_MARKET_ID,33873
ORIGIN_CITY_MARKET_ID,33894
ORIGIN_CITY_MARKET_ID,33899
ORIGIN_CITY_MARKET_ID,33900
ORIGIN_CITY_MARKET_ID,33908
ORIGIN_CITY_MARKET_ID,33933
ORIGIN_CITY_MARKET_ID,33934
ORIGIN_CITY_MARKET_ID,33935
ORIGIN_CITY_MARKET_ID,33942
ORIGIN_CITY_MARKET_ID,33964
ORIGIN_CITY_MARKET_ID,33968
ORIGIN_CITY_MARKET_ID,33970
ORIGIN_CITY_MARKET_ID,33983
ORIGIN_CITY_MARKET_ID,33984
ORIGIN_CITY_MARKET_ID,33988
ORIGIN_CITY_MARKET_ID,34004
ORIGIN_CITY_MARKET_ID,34006
ORIGIN_CITY_MARKET_ID,34012
ORIGIN_CITY_MARKET_ID,34022
ORIGIN_CITY_MARKET_ID,34025
ORIGIN_CITY_MARKET_ID,34027
ORIGIN_CITY_MARKET_ID,34028
ORIGIN_CITY_MARKET_ID,34046
ORIGIN_CITY_MARKET_ID,34051
ORIGIN_CITY_MARKET_ID,34054
ORIGIN_CITY_MARKET_ID,34057
ORIGIN_CITY_MARKET_ID,34062
ORIGIN_CITY_MARKET_ID,34065
ORIGIN_CITY_MARKET_ID,34066
ORIGIN_CITY_MARKET_ID,34081
ORIGIN_CITY_MARKET_ID,34082
ORIGIN_CITY_MARKET_ID,34088
ORIGIN_CITY_MARKET_ID,34092
ORIGIN_CITY_MARKET_ID,34100
ORIGIN_CITY_MARKET_ID,34102
ORIGIN_CITY_MARKET_ID,34108
ORIGIN_CITY_MARKET_ID,34109
ORIGIN_CITY_MARKET_ID,34113
ORIGIN_CITY_MARKET_ID,34119
ORIGIN_CITY_MARKET_ID,34120
ORIGIN_CITY_MARKET_ID,34125
ORIGIN_CITY_MARKET_ID,34130
ORIGIN_CITY_MARKET_ID,34131
ORIGIN_CITY_MARKET_ID,34132
ORIGIN_CITY_MARKET_ID,34150
ORIGIN_CITY_MARKET_ID,34153
ORIGIN_CITY_MARKET_ID,34166
ORIGIN_CITY_MARKET_ID,34167
ORIGIN_CITY_MARKET_ID,34186
ORIGIN_CITY_MARKET_ID,34207
ORIGIN_CITY_MARKET_ID,34210
ORIGIN_CITY_MARKET_ID,34218
ORIGIN_CITY_MARKET_ID,34222
ORIGIN_CITY_MARKET_ID,34228
ORIGIN_CITY_MARKET_ID,34229
ORIGIN_CITY_MARKET_ID,34231
ORIGIN_CITY_MARKET_ID,34234
ORIGIN_CITY_MARKET_ID,34236
ORIGIN_CITY_MARKET_ID,34237
ORIGIN_CITY_MARKET_ID,34239
ORIGIN_CITY_MARKET_ID,34252
ORIGIN_CITY_MARKET_ID,34254
ORIGIN_CITY_MARKET_ID,34256
ORIGIN_CITY_MARKET_ID,34259
ORIGIN_CITY_MARKET_ID,34262
ORIGIN_CITY_MARKET_ID,34268
ORIGIN_CITY_MARKET_ID,34270
ORIGIN_CITY_MARKET_ID,34273
ORIGIN_CITY_MARKET_ID,34275
ORIGIN_CITY_MARKET_ID,34276
ORIGIN_CITY_MARKET_ID,34278
ORIGIN_CITY_MARKET_ID,34286
ORIGIN_CITY_MARKET_ID,34288
ORIGIN_CITY_MARKET_ID,34293
ORIGIN_CITY_MARKET_ID,34299
ORIGIN_CITY_MARKET_ID,34303
ORIGIN_CITY_MARKET_ID,34306
ORIGIN_CITY_MARKET_ID,34309
ORIGIN_CITY_MARKET_ID,34312
ORIGIN_CITY_MARKET_ID,34314
ORIGIN_CITY_MARKET_ID,34321
ORIGIN_CITY_MARKET_ID,34323
ORIGIN_CITY_MARKET_ID,34408
ORIGIN_CITY_MARKET_ID,34412
ORIGIN_CITY_MARKET_ID,34433
ORIGIN_CITY_MARKET_ID,34440
ORIGIN_CITY_MARKET_ID,34448
ORIGIN_CITY_MARKET_ID,34451
ORIGIN_CITY_MARKET_ID,34457
ORIGIN_CITY_MARKET_ID,34458
ORIGIN_CITY_MARKET_ID,34464
ORIGIN_CITY_MARKET_ID,34468
ORIGIN_CITY_MARKET_ID,34474
ORIGIN_CITY_MARKET_ID,34477
ORIGIN_CITY_MARKET_ID,34485
ORIGIN_CITY_MARKET_ID,34489
ORIGIN_CITY_MARKET_ID,34492
ORIGIN_CITY_MARKET_ID,34493
ORIGIN_CITY_MARKET_ID,34496
ORIGIN_CITY_MARKET_ID,34512
ORIGIN_CITY_MARKET_ID,34520
ORIGIN_CITY_MARKET_ID,34524
ORIGIN_CITY_MARKET_ID,34534
ORIGIN_CITY_MARKET_ID,34535
ORIGIN_CITY_MARKET_ID,34539
ORIGIN_CITY_MARKET_ID,34543
ORIGIN_CITY_MARKET_ID,34559
ORIGIN_CITY_MARKET_ID,34570
ORIGIN_CITY_MARKET_ID,34574
ORIGIN_CITY_MARKET_ID,34576
ORIGIN_CITY_MARKET_ID,34582
ORIGIN_CITY_MARKET_ID,34583
ORIGIN_CITY_MARKET_ID,34588
ORIGIN_CITY_MARKET_ID,34614
ORIGIN_CITY_MARKET_ID,34627
ORIGIN_CITY_MARKET_ID,34628
ORIGIN_CITY_MARKET_ID,34637
ORIGIN_CITY_MARKET_ID,34645
ORIGIN_CITY_MARKET_ID,34653
ORIGIN_CITY_MARKET_ID,34664
ORIGIN_CITY_MARKET_ID,34674
ORIGIN_CITY_MARKET_ID,34677
ORIGIN_CITY_MARKET_ID,34681
ORIGIN_CITY_MARKET_ID,34685
ORIGIN_CITY_MARKET_ID,34689
ORIGIN_CITY_MARKET_ID,34692
ORIGIN_CITY_MARKET_ID,34696
ORIGIN_CITY_MARKET_ID,34699
ORIGIN_CITY_MARKET_ID,34704
ORIGIN_CITY_MARKET_ID,34711
ORIGIN_CITY_MARKET_ID,34716
ORIGIN_CITY_MARKET_ID,34717
ORIGIN_CITY_MARKET_ID,34718
ORIGIN_CITY_MARKET_ID,34722
ORIGIN_CITY_MARKET_ID,34733
ORIGIN_CITY_MARKET_ID,34738
ORIGIN_CITY_MARKET_ID,34745
ORIGIN_CITY_MARKET_ID,34761
ORIGIN_CITY_MARKET_ID,34783
ORIGIN_CITY_MARKET_ID,34794
ORIGIN_CITY_MARKET_ID,34797
ORIGIN_CITY_MARKET_ID,34802
ORIGIN_CITY_MARKET_ID,34804
ORIGIN_CITY_MARKET_ID,34805
ORIGIN_CITY_MARKET_ID,34812
ORIGIN_CITY_MARKET_ID,34816
ORIGIN_CITY_MARKET_ID,34818
ORIGIN_CITY_MARKET_ID,34819
ORIGIN_CITY_MARKET_ID,34828
ORIGIN_CITY_MARKET_ID,34832
ORIGIN_CITY_MARKET_ID,34838
ORIGIN_CITY_MARKET_ID,34842
ORIGIN_CITY_MARKET_ID,34849
ORIGIN_CITY_MARKET_ID,34856
ORIGIN_CITY_MARKET_ID,34863
ORIGIN_CITY_MARKET_ID,34871
ORIGIN_CITY_MARKET_ID,34875
ORIGIN_CITY_MARKET_ID,34877
ORIGIN_CITY_MARKET_ID,34879
ORIGIN_CITY_MARKET_ID,34880
ORIGIN_CITY_MARKET_ID,34884
ORIGIN_CITY_MARKET_ID,34886
ORIGIN_CITY_MARKET_ID,34895
ORIGIN_CITY_MARKET_ID,34897
ORIGIN_CITY_MARKET_ID,34905
ORIGIN_CITY_MARKET_ID,34918
ORIGIN_CITY_MARKET_ID,34919
ORIGIN_CITY_MARKET_ID,34922
ORIGIN_CITY_MARKET_ID,34924
ORIGIN_CITY_MARKET_ID,34942
ORIGIN_CITY_MARKET_ID,34943
ORIGIN_CITY_MARKET_ID,34945
ORIGIN_CITY_MARKET_ID,34952
ORIGIN_CITY_MARKET_ID,34955
ORIGIN_CITY_MARKET_ID,34960
ORIGIN_CITY_MARKET_ID,34967
ORIGIN_CITY_MARKET_ID,34986
ORIGIN_CITY_MARKET_ID,34987
ORIGIN_CITY_MARKET_ID,34990
ORIGIN_CITY_MARKET_ID,34992
ORIGIN_CITY_MARKET_ID,35012
ORIGIN_CITY_MARKET_ID,35013
ORIGIN_CITY_MARKET_ID,35022
ORIGIN_CITY_MARKET_ID,35041
ORIGIN_CITY_MARKET_ID,35048
ORIGIN_CITY_MARKET_ID,35049
ORIGIN_CITY_MARKET_ID,35051
ORIGIN_CITY_MARKET_ID,35052
ORIGIN_CITY_MARKET_ID,35061
ORIGIN_CITY_MARKET_ID,35074
ORIGIN_CITY_MARKET_ID,35084
ORIGIN_CITY_MARKET_ID,35085
ORIGIN_CITY_MARKET_ID,35091
ORIGIN_CITY_MARKET_ID,35092
ORIGIN_CITY_MARKET_ID,35096
ORIGIN_CITY_MARKET_ID,35113
ORIGIN_CITY_MARKET_ID,35115
ORIGIN_CITY_MARKET_ID,35124
ORIGIN_CITY_MARKET_ID,35125
ORIGIN_CITY_MARKET_ID,35138
ORIGIN_CITY_MARKET_ID,35144
ORIGIN_CITY_MARKET_ID,35147
ORIGIN_CITY_MARKET_ID,35152
ORIGIN_CITY_MARKET_ID,35160
ORIGIN_CITY_MARKET_ID,35165
ORIGIN_CITY_MARKET_ID,35171
ORIGIN_CITY_MARKET_ID,35177
ORIGIN_CITY_MARKET_ID,35192
ORIGIN_CITY_MARKET_ID,35194
ORIGIN_CITY_MARKET_ID,35215
ORIGIN_CITY_MARKET_ID,35231
ORIGIN_CITY_MARKET_ID,35232
ORIGIN_CITY_MARKET_ID,35236
ORIGIN_CITY_MARKET_ID,35237
ORIGIN_CITY_MARKET_ID,35245
ORIGIN_CITY_MARKET_ID,35249
ORIGIN_CITY_MARKET_ID,35250
ORIGIN_CITY_MARKET_ID,35257
ORIGIN_CITY_MARKET_ID,35258
ORIGIN_CITY_MARKET_ID,35277
ORIGIN_CITY_MARKET_ID,35278
ORIGIN_CITY_MARKET_ID,35282
ORIGIN_CITY_MARKET_ID,35293
ORIGIN_CITY_MARKET_ID,35306
ORIGIN_CITY_MARKET_ID,35317
ORIGIN_CITY_MARKET_ID,35323
ORIGIN_CITY_MARKET_ID,35338
ORIGIN_CITY_MARKET_ID,35342
ORIGIN_CITY_MARKET_ID,35356
ORIGIN_CITY_MARKET_ID,35374
ORIGIN_CITY_MARKET_ID,35380
ORIGIN_CITY_MARKET_ID,35381
ORIGIN_CITY_MARKET_ID,35385
ORIGIN_CITY_MARKET_ID,35389
ORIGIN_CITY_MARKET_ID,35401
ORIGIN_CITY_MARKET_ID,35411
ORIGIN_CITY_MARKET_ID,35412
ORIGIN_CITY_MARKET_ID,35417
ORIGIN_CITY_MARKET_ID,35446
ORIGIN_CITY_MARKET_ID,35454
ORIGIN_CITY_MARKET_ID,35455
ORIGIN_CITY_MARKET_ID,35478
ORIGIN_CITY_MARKET_ID,35483
ORIGIN_CITY_MARKET_ID,35497
ORIGIN_CITY_MARKET_ID,35502
ORIGIN_CITY_MARKET_ID,35548
ORIGIN_CITY_MARKET_ID,35550
ORIGIN_CITY_MARKET_ID,35554
ORIGIN_CITY_MARKET_ID,35569
ORIGIN_CITY_MARKET_ID,35579
ORIGIN_CITY_MARKET_ID,35581
ORIGIN_CITY_MARKET_ID,35582
ORIGIN_CITY_MARKET_ID,35584
ORIGIN_CITY_MARKET_ID,35595
ORIGIN_CITY_MARKET_ID,35598
ORIGIN_CITY_MARKET_ID,35601
ORIGIN_CITY_MARKET_ID,35626
ORIGIN_CITY_MARKET_ID,35627
ORIGIN_CITY_MARKET_ID,35628
ORIGIN_CITY_MARKET_ID,35632
ORIGIN_CITY_MARKET_ID,35689
ORIGIN_CITY_MARKET_ID,35709
ORIGIN_CITY_MARKET_ID,35718
ORIGIN_CITY_MARKET_ID,35721
ORIGIN_CITY_MARKET_ID,35725
ORIGIN_CITY_MARKET_ID,35754
ORIGIN_CITY_MARKET_ID,35793
ORIGIN_CITY_MARKET_ID,35794
ORIGIN_CITY_MARKET_ID,35798
ORIGIN_CITY_MARKET_ID,35841
ORIGIN_CITY_MARKET_ID,35843
ORIGIN_CITY_MARKET_ID,35853
ORIGIN_CITY_MARKET_ID,35855
ORIGIN_CITY_MARKET_ID,35856
ORIGIN_CITY_MARKET_ID,35862
ORIGIN_CITY_MARKET_ID,35868
ORIGIN_CITY_MARKET_ID,35885
ORIGIN_CITY_MARKET_ID,35887
ORIGIN_CITY_MARKET_ID,35897
ORIGIN_CITY_MARKET_ID,35917
ORIGIN_CITY_MARKET_ID,35923
ORIGIN_CITY_MARKET_ID,35991
ORIGIN_CITY_MARKET_ID,35994
ORIGIN_CITY_MARKET_ID,36016
ORIGIN_CITY_MARKET_ID,36039
ORIGIN_CITY_MARKET_ID,36063
ORIGIN_CITY_MARKET_ID,36078
ORIGIN_CITY_MARKET_ID,36083
ORIGIN_CITY_MARKET_ID,36085
ORIGIN_CITY_MARKET_ID,36097
ORIGIN_CITY_MARKET_ID,36101
ORIGIN_CITY_MARKET_ID,36106
ORIGIN_CITY_MARKET_ID,36115
ORIGIN_CITY_MARKET_ID,36131
ORIGIN_CITY_MARKET_ID,36133
ORIGIN_CITY_MARKET_ID,36149
ORIGIN_CITY_MARKET_ID,36159
ORIGIN_CITY_MARKET_ID,36171
ORIGIN_CITY_MARKET_ID,36173
ORIGIN_CITY_MARKET_ID,36178
ORIGIN_CITY_MARKET_ID,36191
ORIGIN_CITY_MARKET_ID,36232
ORIGIN_CITY_MARKET_ID,36233
ORIGIN_CITY_MARKET_ID,36242
ORIGIN_CITY_MARKET_ID,36250
ORIGIN_CITY_MARKET_ID,36252
ORIGIN_CITY_MARKET_ID,36253
ORIGIN_CITY_MARKET_ID,36254
ORIGIN_CITY_MARKET_ID,36267
ORIGIN_CITY_MARKET_ID,36268
ORIGIN_CITY_MARKET_ID,36293
ORIGIN_CITY_MARKET_ID,36304
ORIGIN_CITY_MARKET_ID,36306
ORIGIN_CITY_MARKET_ID,36321
ORIGIN_CITY_MARKET_ID,36322
ORIGIN_CITY_MARKET_ID,36340
ORIGIN_CITY_MARKET_ID,36345
ORIGIN_CITY_MARKET_ID,36422
ORIGIN_CITY_MARKET_ID,36553
ORIGIN_CITY_MARKET_ID,36587
ORIGIN_CITY_MARKET_ID,36591
ORIGIN_CITY_MARKET_ID,36631
ORIGIN_CITY_MARKET_ID,36745
ORIGIN_CITY_MARKET_ID,36756
ORIGIN_CITY_MARKET_ID,36946
DEST_CITY_MARKET_ID,30005
DEST_CITY_MARKET_ID,30007
DEST_CITY_MARKET_ID,30009
DEST_CITY_MARKET_ID,30011
DEST_CITY_MARKET_ID,30020
DEST_CITY_MARKET_ID,30056
DEST_CITY_MARKET_ID,30070
DEST_CITY_MARKET_ID,30073
DEST_CITY_MARKET_ID,30082
DEST_CITY_MARKET_ID,30107
DEST_CITY_MARKET_ID,30113
DEST_CITY_MARKET_ID,30135
DEST_CITY_MARKET_ID,30136
DEST_CITY_MARKET_ID,30139
DEST_CITY_MARKET_ID,30140
DEST_CITY_MARKET_ID,30141
DEST_CITY_MARKET_ID,30146
DEST_CITY_MARKET_ID,30148
DEST_CITY_MARKET_ID,30150
DEST_CITY_MARKET_ID,30154
DEST_CITY_MARKET_ID,30155
DEST_CITY_MARKET_ID,30157
DEST_CITY_MARKET_ID,30158
DEST_CITY_MARKET_ID,30160
DEST_CITY_MARKET_ID,30162
DEST_CITY_MARKET_ID,30164
DEST_CITY_MARKET_ID,30165
DEST_CITY_MARKET_ID,30181
DEST_CITY_MARKET_ID,30184
DEST_CITY_MARKET_ID,30185
DEST_CITY_MARKET_ID,30189
DEST_CITY_MARKET_ID,30194
DEST_CITY_MARKET_ID,30198
DEST_CITY_MARKET_ID,30204
DEST_CITY_MARKET_ID,30208
DEST_CITY_MARKET_ID,30210
DEST_CITY_MARKET_ID,30216
DEST_CITY_MARKET_ID,30221
DEST_CITY_MARKET_ID,30225
DEST_CITY_MARKET_ID,30237
DEST_CITY_MARKET_ID,30241
DEST_CITY_MARKET_ID,30243
DEST_CITY_MARKET_ID,30244
DEST_CITY_MARKET_ID,30245
DEST_CITY_MARKET_ID,30247
DEST_CITY_MARKET_ID,30255
DEST_CITY_MARKET_ID,30257
DEST_CITY_MARKET_ID,30268
DEST_CITY_MARKET_ID,30272
DEST_CITY_MARKET_ID,30275
DEST_CITY_MARKET_ID,30278
DEST_CITY_MARKET_ID,30279
DEST_CITY_MARKET_ID,30280
DEST_CITY_MARKET_ID,30285
DEST_CITY_MARKET_ID,30292
DEST_CITY_MARKET_ID,30299
DEST_CITY_MARKET_ID,30304
DEST_CITY_MARKET_ID,30312
DEST_CITY_MARKET_ID,30313
DEST_CITY_MARKET_ID,30322
DEST_CITY_MARKET_ID,30324
DEST_CITY_MARKET_ID,30325
DEST_CITY_MARKET_ID,30333
DEST_CITY_MARKET_ID,30338
DEST_CITY_MARKET_ID,30349
DEST_CITY_MARKET_ID,30357
DEST_CITY_MARKET_ID,30361
DEST_CITY_MARKET_ID,30371
DEST_CITY_MARKET_ID,30372
DEST_CITY_MARKET_ID,30394
DEST_CITY_MARKET_ID,30396
DEST_CITY_MARKET_ID,30397
DEST_CITY_MARKET_ID,30405
DEST_CITY_MARKET_ID,30408
DEST_CITY_MARKET_ID,30409
DEST_CITY_MARKET_ID,30411
DEST_CITY_MARKET_ID,30414
DEST_CITY_MARKET_ID,30415
DEST_CITY_MARKET_ID,30416
DEST_CITY_MARKET_ID,30423
DEST_CITY_MARKET_ID,30424
DEST_CITY_MARKET_ID,30431
DEST_CITY_MARKET_ID,30434
DEST_CITY_MARKET_ID,30436
DEST_CITY_MARKET_ID,30444
DEST_CITY_MARKET_ID,30448
DEST_CITY_MARKET_ID,30466
DEST_CITY_MARKET_ID,30469
DEST_CITY_MARKET_ID,30470
DEST_CITY_MARKET_ID,30476
DEST_CITY_MARKET_ID,30480
DEST_CITY_MARKET_ID,30486
DEST_CITY_MARKET_ID,30517
DEST_CITY_MARKET_ID,30521
DEST_CITY_MARKET_ID,30529
DEST_CITY_MARKET_ID,30535
DEST_CITY_MARKET_ID,30540
DEST_CITY_MARKET_ID,30542
DEST_CITY_MARKET_ID,30545
DEST_CITY_MARKET_ID,30549
DEST_CITY_MARKET_ID,30556
DEST_CITY_MARKET_ID,30557
DEST_CITY_MARKET_ID,30558
DEST_CITY_MARKET_ID,30559
DEST_CITY_MARKET_ID,30561
DEST_CITY_MARKET_ID,30562
DEST_CITY_MARKET_ID,30568
DEST_CITY_MARKET_ID,30575
DEST_CITY_MARKET_ID,30577
DEST_CITY_MARKET_ID,30579
DEST_CITY_MARKET_ID,30581
DEST_CITY_MARKET_ID,30589
DEST_CITY_MARKET_ID,30590
DEST_CITY_MARKET_ID,30599
DEST_CITY_MARKET_ID,30608
DEST_CITY_MARKET_ID,30610
DEST_CITY_MARKET_ID,30613
DEST_CITY_MARKET_ID,30615
DEST_CITY_MARKET_ID,30617
DEST_CITY_MARKET_ID,30620
DEST_CITY_MARKET_ID,30621
DEST_CITY_MARKET_ID,30627
DEST_CITY_MARKET_ID,30631
DEST_CITY_MARKET_ID,30638
DEST_CITY_MARKET_ID,30640
DEST_CITY_MARKET_ID,30643
DEST_CITY_MARKET_ID,30646
DEST_CITY_MARKET_ID,30647
DEST_CITY_MARKET_ID,30654
DEST_CITY_MARKET_ID,30658
DEST_CITY_MARKET_ID,30661
DEST_CITY_MARKET_ID,30666
DEST_CITY_MARKET_ID,30676
DEST_CITY_MARKET_ID,30683
DEST_CITY_MARKET_ID,30685
DEST_CITY_MARKET_ID,30693
DEST_CITY_MARKET_ID,30696
DEST_CITY_MARKET_ID,30711
DEST_CITY_MARKET_ID,30713
DEST_CITY_MARKET_ID,30716
DEST_CITY_MARKET_ID,30717
DEST_CITY_MARKET_ID,30721
DEST_CITY_MARKET_ID,30728
DEST_CITY_MARKET_ID,30730
DEST_CITY_MARKET_ID,30731
DEST_CITY_MARKET_ID,30732
DEST_CITY_MARKET_ID,30739
DEST_CITY_MARKET_ID,30744
DEST_CITY_MARKET_ID,30747
DEST_CITY_MARKET_ID,30752
DEST_CITY_MARKET_ID,30758
DEST_CITY_MARKET_ID,30770
DEST_CITY_MARKET_ID,30775
DEST_CITY_MARKET_ID,30779
DEST_CITY_MARKET_ID,30781
DEST_CITY_MARKET_ID,30783
DEST_CITY_MARKET_ID,30785
DEST_CITY_MARKET_ID,30790
DEST_CITY_MARKET_ID,30792
DEST_CITY_MARKET_ID,30846
DEST_CITY_MARKET_ID,30849
DEST_CITY_MARKET_ID,30852
DEST_CITY_MARKET_ID,30863
DEST_CITY_MARKET_ID,30868
DEST_CITY_MARKET_ID,30872
DEST_CITY_MARKET_ID,30877
DEST_CITY_MARKET_ID,30878
DEST_CITY_MARKET_ID,30880
DEST_CITY_MARKET_ID,30894
DEST_CITY_MARKET_ID,30911
DEST_CITY_MARKET_ID,30913
DEST_CITY_MARKET_ID,30918
DEST_CITY_MARKET_ID,30920
DEST_CITY_MARKET_ID,30925
DEST_CITY_MARKET_ID,30928
DEST_CITY_MARKET_ID,30930
DEST_CITY_MARKET_ID,30938
DEST_CITY_MARKET_ID,30950
DEST_CITY_MARKET_ID,30951
DEST_CITY_MARKET_ID,30961
DEST_CITY_MARKET_ID,30966
DEST_CITY_MARKET_ID,30967
DEST_CITY_MARKET_ID,30970
DEST_CITY_MARKET_ID,30977
DEST_CITY_MARKET_ID,30980
DEST_CITY_MARKET_ID,30990
DEST_CITY_MARKET_ID,30994
DEST_CITY_MARKET_ID,30996
DEST_CITY_MARKET_ID,31000
DEST_CITY_MARKET_ID,31003
DEST_CITY_MARKET_ID,31007
DEST_CITY_MARKET_ID,31013
DEST_CITY_MARKET_ID,31016
DEST_CITY_MARKET_ID,31027
DEST_CITY_MARKET_ID,31028
DEST_CITY_MARKET_ID,31030
DEST_CITY_MARKET_ID,31032
DEST_CITY_MARKET_ID,31036
DEST_CITY_MARKET_ID,31041
DEST_CITY_MARKET_ID,31049
DEST_CITY_MARKET_ID,31050
DEST_CITY_MARKET_ID,31052
DEST_CITY_MARKET_ID,31053
DEST_CITY_MARKET_ID,31057
DEST_CITY_MARKET_ID,31063
DEST_CITY_MARKET_ID,31066
DEST_CITY_MARKET_ID,31067
DEST_CITY_MARKET_ID,31075
DEST_CITY_MARKET_ID,31076
DEST_CITY_MARKET_ID,31085
DEST_CITY_MARKET_ID,31089
DEST_CITY_MARKET_ID,31092
DEST_CITY_MARKET_ID,31097
DEST_CITY_MARKET_ID,31118
DEST_CITY_MARKET_ID,31122
DEST_CITY_MARKET_ID,31123
DEST_CITY_MARKET_ID,31126
DEST_CITY_MARKET_ID,31135
DEST_CITY_MARKET_ID,31136
DEST_CITY_MARKET_ID,31138
DEST_CITY_MARKET_ID,31140
DEST_CITY_MARKET_ID,31146
DEST_CITY_MARKET_ID,31150
DEST_CITY_MARKET_ID,31160
DEST_CITY_MARKET_ID,31164
DEST_CITY_MARKET_ID,31170
DEST_CITY_MARKET_ID,31172
DEST_CITY_MARKET_ID,31180
DEST_CITY_MARKET_ID,31185
DEST_CITY_MARKET_ID,31187
DEST_CITY_MARKET_ID,31197
DEST_CITY_MARKET_ID,31205
DEST_CITY_MARKET_ID,31214
DEST_CITY_MARKET_ID,31215
DEST_CITY_MARKET_ID,31216
DEST_CITY_MARKET_ID,31223
DEST_CITY_MARKET_ID,31225
DEST_CITY_MARKET_ID,31227
DEST_CITY_MARKET_ID,31233
DEST_CITY_MARKET_ID,31241
DEST_CITY_MARKET_ID,31244
DEST_CITY_MARKET_ID,31245
DEST_CITY_MARKET_ID,31252
DEST_CITY_MARKET_ID,31267
DEST_CITY_MARKET_ID,31274
DEST_CITY_MARKET_ID,31276
DEST_CITY_MARKET_ID,31279
DEST_CITY_MARKET_ID,31283
DEST_CITY_MARKET_ID,31288
DEST_CITY_MARKET_ID,31290
DEST_CITY_MARKET_ID,31295
DEST_CITY_MARKET_ID,31301
DEST_CITY_MARKET_ID,31308
DEST_CITY_MARKET_ID,31315
DEST_CITY_MARKET_ID,31332
DEST_CITY_MARKET_ID,31335
DEST_CITY_MARKET_ID,31336
DEST_CITY_MARKET_ID,31337
DEST_CITY_MARKET_ID,31345
DEST_CITY_MARKET_ID,31348
DEST_CITY_MARKET_ID,31351
DEST_CITY_MARKET_ID,31367
DEST_CITY_MARKET_ID,31369
DEST_CITY_MARKET_ID,31401
DEST_CITY_MARKET_ID,31402
DEST_CITY_MARKET_ID,31406
DEST_CITY_MARKET_ID,31411
DEST_CITY_MARKET_ID,31421
DEST_CITY_MARKET_ID,31423
DEST_CITY_MARKET_ID,31431
DEST_CITY_MARKET_ID,31435
DEST_CITY_MARKET_ID,31441
DEST_CITY_MARKET_ID,31445
DEST_CITY_MARKET_ID,31447
DEST_CITY_MARKET_ID,31453
DEST_CITY_MARKET_ID,31454
DEST_CITY_MARKET_ID,31455
DEST_CITY_MARKET_ID,31463
DEST_CITY_MARKET_ID,31464
DEST_CITY_MARKET_ID,31468
DEST_CITY_MARKET_ID,31470
DEST_CITY_MARKET_ID,31471
DEST_CITY_MARKET_ID,31481
DEST_CITY_MARKET_ID,31484
DEST_CITY_MARKET_ID,31488
DEST_CITY_MARKET_ID,31492
DEST_CITY_MARKET_ID,31501
DEST_CITY_MARKET_ID,31503
DEST_CITY_MARKET_ID,31504
DEST_CITY_MARKET_ID,31511
DEST_CITY_MARKET_ID,31512
DEST_CITY_MARKET_ID,31517
DEST_CITY_MARKET_ID,31525
DEST_CITY_MARKET_ID,31531
DEST_CITY_MARKET_ID,31534
DEST_CITY_MARKET_ID,31535
DEST_CITY_MARKET_ID,31537
DEST_CITY_MARKET_ID,31545
DEST_CITY_MARKET_ID,31550
DEST_CITY_MARKET_ID,31555
DEST_CITY_MARKET_ID,31559
DEST_CITY_MARKET_ID,31565
DEST_CITY_MARKET_ID,31577
DEST_CITY_MARKET_ID,31584
DEST_CITY_MARKET_ID,31587
DEST_CITY_MARKET_ID,31588
DEST_CITY_MARKET_ID,31603
DEST_CITY_MARKET_ID,31612
DEST_CITY_MARKET_ID,31615
DEST_CITY_MARKET_ID,31617
DEST_CITY_MARKET_ID,31619
DEST_CITY_MARKET_ID,31621
DEST_CITY_MARKET_ID,31624
DEST_CITY_MARKET_ID,31637
DEST_CITY_MARKET_ID,31638
DEST_CITY_MARKET_ID,31641
DEST_CITY_MARKET_ID,31646
DEST_CITY_MARKET_ID,31647
DEST_CITY_MARKET_ID,31648
DEST_CITY_MARKET_ID,31650
DEST_CITY_MARKET_ID,31654
DEST_CITY_MARKET_ID,31684
DEST_CITY_MARKET_ID,31695
DEST_CITY_MARKET_ID,31699
DEST_CITY_MARKET_ID,31703
DEST_CITY_MARKET_ID,31711
DEST_CITY_MARKET_ID,31714
DEST_CITY_MARKET_ID,31716
DEST_CITY_MARKET_ID,31719
DEST_CITY_MARKET_ID,31720
DEST_CITY_MARKET_ID,31721
DEST_CITY_MARKET_ID,31724
DEST_CITY_MARKET_ID,31725
DEST_CITY_MARKET_ID,31730
DEST_CITY_MARKET_ID,31731
DEST_CITY_MARKET_ID,31760
DEST_CITY_MARKET_ID,31764
DEST_CITY_MARKET_ID,31775
DEST_CITY_MARKET_ID,31778
DEST_CITY_MARKET_ID,31793
DEST_CITY_MARKET_ID,31823
DEST_CITY_MARKET_ID,31833
DEST_CITY_MARKET_ID,31834
DEST_CITY_MARKET_ID,31844
DEST_CITY_MARKET_ID,31845
DEST_CITY_MARKET_ID,31856
DEST_CITY_MARKET_ID,31865
DEST_CITY_MARKET_ID,31867
DEST_CITY_MARKET_ID,31868
DEST_CITY_MARKET_ID,31871
DEST_CITY_MARKET_ID,31874
DEST_CITY_MARKET_ID,31879
DEST_CITY_MARKET_ID,31884
DEST_CITY_MARKET_ID,31888
DEST_CITY_MARKET_ID,31895
DEST_CITY_MARKET_ID,31898
DEST_CITY_MARKET_ID,31905
DEST_CITY_MARKET_ID,31908
DEST_CITY_MARKET_ID,31910
DEST_CITY_MARKET_ID,31911
DEST_CITY_MARKET_ID,31915
DEST_CITY_MARKET_ID,31921
DEST_CITY_MARKET_ID,31924
DEST_CITY_MARKET_ID,31928
DEST_CITY_MARKET_ID,31931
DEST_CITY_MARKET_ID,31941
DEST_CITY_MARKET_ID,31945
DEST_CITY_MARKET_ID,31950
DEST_CITY_MARKET_ID,31952
DEST_CITY_MARKET_ID,31953
DEST_CITY_MARKET_ID,31973
DEST_CITY_MARKET_ID,31977
DEST_CITY_MARKET_ID,31980
DEST_CITY_MARKET_ID,31982
DEST_CITY_MARKET_ID,31986
DEST_CITY_MARKET_ID,31995
DEST_CITY_MARKET_ID,31997
DEST_CITY_MARKET_ID,32010
DEST_CITY_MARKET_ID,32012
DEST_CITY_MARKET_ID,32016
DEST_CITY_MARKET_ID,32026
DEST_CITY_MARKET_ID,32051
DEST_CITY_MARKET_ID,32052
DEST_CITY_MARKET_ID,32066
DEST_CITY_MARKET_ID,32070
DEST_CITY_MARKET_ID,32073
DEST_CITY_MARKET_ID,32087
DEST_CITY_MARKET_ID,32101
DEST_CITY_MARKET_ID,32105
DEST_CITY_MARKET_ID,32115
DEST_CITY_MARKET_ID,32119
DEST_CITY_MARKET_ID,32124
DEST_CITY_MARKET_ID,32126
DEST_CITY_MARKET_ID,32129
DEST_CITY_MARKET_ID,32131
DEST_CITY_MARKET_ID,32134
DEST_CITY_MARKET_ID,32141
DEST_CITY_MARKET_ID,32156
DEST_CITY_MARKET_ID,32164
DEST_CITY_MARKET_ID,32169
DEST_CITY_MARKET_ID,32171
DEST_CITY_MARKET_ID,32174
DEST_CITY_MARKET_ID,32177
DEST_CITY_MARKET_ID,32180
DEST_CITY_MARKET_ID,32185
DEST_CITY_MARKET_ID,32190
DEST_CITY_MARKET_ID,32195
DEST_CITY_MARKET_ID,32206
DEST_CITY_MARKET_ID,32207
DEST_CITY_MARKET_ID,32211
DEST_CITY_MARKET_ID,32214
DEST_CITY_MARKET_ID,32223
DEST_CITY_MARKET_ID,32235
DEST_CITY_MARKET_ID,32239
DEST_CITY_MARKET_ID,32244
DEST_CITY_MARKET_ID,32245
DEST_CITY_MARKET_ID,32250
DEST_CITY_MARKET_ID,32252
DEST_CITY_MARKET_ID,32253
DEST_CITY_MARKET_ID,32255
DEST_CITY_MARKET_ID,32265
DEST_CITY_MARKET_ID,32268
DEST_CITY_MARKET_ID,32280
DEST_CITY_MARKET_ID,32287
DEST_CITY_MARKET_ID,32294
DEST_CITY_MARKET_ID,32315
DEST_CITY_MARKET_ID,32320
DEST_CITY_MARKET_ID,32321
DEST_CITY_MARKET_ID,32323
DEST_CITY_MARKET_ID,32335
DEST_CITY_MARKET_ID,32337
DEST_CITY_MARKET_ID,32343
DEST_CITY_MARKET_ID,32363
DEST_CITY_MARKET_ID,32365
DEST_CITY_MARKET_ID,32370
DEST_CITY_MARKET_ID,32375
DEST_CITY_MARKET_ID,32389
DEST_CITY_MARKET_ID,32395
DEST_CITY_MARKET_ID,32397
DEST_CITY_MARKET_ID,32400
DEST_CITY_MARKET_ID,32402
DEST_CITY_MARKET_ID,32412
DEST_CITY_MARKET_ID,32441
DEST_CITY_MARKET_ID,32448
DEST_CITY_MARKET_ID,32455
DEST_CITY_MARKET_ID,32457
DEST_CITY_MARKET_ID,32467
DEST_CITY_MARKET_ID,32472
DEST_CITY_MARKET_ID,32474
DEST_CITY_MARKET_ID,32492
DEST_CITY_MARKET_ID,32494
DEST_CITY_MARKET_ID,32511
DEST_CITY_MARKET_ID,32519
DEST_CITY_MARKET_ID,32520
DEST_CITY_MARKET_ID,32523
DEST_CITY_MARKET_ID,32544
DEST_CITY_MARKET_ID,32547
DEST_CITY_MARKET_ID,32556
DEST_CITY_MARKET_ID,32559
DEST_CITY_MARKET_ID,32575
DEST_CITY_MARKET_ID,32600
DEST_CITY_MARKET_ID,32610
DEST_CITY_MARKET_ID,32615
DEST_CITY_MARKET_ID,32621
DEST_CITY_MARKET_ID,32631
DEST_CITY_MARKET_ID,32633
DEST_CITY_MARKET_ID,32649
DEST_CITY_MARKET_ID,32651
DEST_CITY_MARKET_ID,32653
DEST_CITY_MARKET_ID,32663
DEST_CITY_MARKET_ID,32671
DEST_CITY_MARKET_ID,32676
DEST_CITY_MARKET_ID,32690
DEST_CITY_MARKET_ID,32693
DEST_CITY_MARKET_ID,32704
DEST_CITY_MARKET_ID,32705
DEST_CITY_MARKET_ID,32708
DEST_CITY_MARKET_ID,32709
DEST_CITY_MARKET_ID,32719
DEST_CITY_MARKET_ID,32720
DEST_CITY_MARKET_ID,32721
DEST_CITY_MARKET_ID,32737
DEST_CITY_MARKET_ID,32743
DEST_CITY_MARKET_ID,32748
DEST_CITY_MARKET_ID,32755
DEST_CITY_MARKET_ID,32758
DEST_CITY_MARKET_ID,32769
DEST_CITY_MARKET_ID,32771
DEST_CITY_MARKET_ID,32772
DEST_CITY_MARKET_ID,32773
DEST_CITY_MARKET_ID,32774
DEST_CITY_MARKET_ID,32779
DEST_CITY_MARKET_ID,32782
DEST_CITY_MARKET_ID,32784
DEST_CITY_MARKET_ID,32785
DEST_CITY_MARKET_ID,32786
DEST_CITY_MARKET_ID,32789
DEST_CITY_MARKET_ID,32807
DEST_CITY_MARKET_ID,32815
DEST_CITY_MARKET_ID,32822
DEST_CITY_MARKET_ID,32824
DEST_CITY_MARKET_ID,32831
DEST_CITY_MARKET_ID,32841
DEST_CITY_MARKET_ID,32844
DEST_CITY_MARKET_ID,32847
DEST_CITY_MARKET_ID,32849
DEST_CITY_MARKET_ID,32851
DEST_CITY_MARKET_ID,32853
DEST_CITY_MARKET_ID,32854
DEST_CITY_MARKET_ID,32855
DEST_CITY_MARKET_ID,32857
DEST_CITY_MARKET_ID,32866
DEST_CITY_MARKET_ID,32868
DEST_CITY_MARKET_ID,32869
DEST_CITY_MARKET_ID,32883
DEST_CITY_MARKET_ID,32884
DEST_CITY_MARKET_ID,32888
DEST_CITY_MARKET_ID,32891
DEST_CITY_MARKET_ID,32895
DEST_CITY_MARKET_ID,32896
DEST_CITY_MARKET_ID,32898
DEST_CITY_MARKET_ID,32899
DEST_CITY_MARKET_ID,32902
DEST_CITY_MARKET_ID,32911
DEST_CITY_MARKET_ID,32932
DEST_CITY_MARKET_ID,32945
DEST_CITY_MARKET_ID,32946
DEST_CITY_MARKET_ID,32951
DEST_CITY_MARKET_ID,32969
DEST_CITY_MARKET_ID,32982
DEST_CITY_MARKET_ID,32983
DEST_CITY_MARKET_ID,32986
DEST_CITY_MARKET_ID,32987
DEST_CITY_MARKET_ID,32990
DEST_CITY_MARKET_ID,32991
DEST_CITY_MARKET_ID,33003
DEST_CITY_MARKET_ID,33016
DEST_CITY_MARKET_ID,33029
DEST_CITY_MARKET_ID,33032
DEST_CITY_MARKET_ID,33034
DEST_CITY_MARKET_ID,33038
DEST_CITY_MARKET_ID,33043
DEST_CITY_MARKET_ID,33044
DEST_CITY_MARKET_ID,33048
DEST_CITY_MARKET_ID,33055
DEST_CITY_MARKET_ID,33068
DEST_CITY_MARKET_ID,33076
DEST_CITY_MARKET_ID,33095
DEST_CITY_MARKET_ID,33105
DEST_CITY_MARKET_ID,33109
DEST_CITY_MARKET_ID,33111
DEST_CITY_MARKET_ID,33121
DEST_CITY_MARKET_ID,33127
DEST_CITY_MARKET_ID,33128
DEST_CITY_MARKET_ID,33139
DEST_CITY_MARKET_ID,33155
DEST_CITY_MARKET_ID,33158
DEST_CITY_MARKET_ID,33162
DEST_CITY_MARKET_ID,33165
DEST_CITY_MARKET_ID,33166
DEST_CITY_MARKET_ID,33169
DEST_CITY_MARKET_ID,33176
DEST_CITY_MARKET_ID,33180
DEST_CITY_MARKET_ID,33182
DEST_CITY_MARKET_ID,33184
DEST_CITY_MARKET_ID,33192
DEST_CITY_MARKET_ID,33194
DEST_CITY_MARKET_ID,33195
DEST_CITY_MARKET_ID,33196
DEST_CITY_MARKET_ID,33198
DEST_CITY_MARKET_ID,33200
DEST_CITY_MARKET_ID,33211
DEST_CITY_MARKET_ID,33214
DEST_CITY_MARKET_ID,33238
DEST_CITY_MARKET_ID,33240
DEST_CITY_MARKET_ID,33241
DEST_CITY_MARKET_ID,33244
DEST_CITY_MARKET_ID,33252
DEST_CITY_MARKET_ID,33256
DEST_CITY_MARKET_ID,33264
DEST_CITY_MARKET_ID,33269
DEST_CITY_MARKET_ID,33277
DEST_CITY_MARKET_ID,33282
DEST_CITY_MARKET_ID,33289
DEST_CITY_MARKET_ID,33290
DEST_CITY_MARKET_ID,33304
DEST_CITY_MARKET_ID,33306
DEST_CITY_MARKET_ID,33316
DEST_CITY_MARKET_ID,33342
DEST_CITY_MARKET_ID,33344
DEST_CITY_MARKET_ID,33347
DEST_CITY_MARKET_ID,33348
DEST_CITY_MARKET_ID,33360
DEST_CITY_MARKET_ID,33367
DEST_CITY_MARKET_ID,33369
DEST_CITY_MARKET_ID,33370
DEST_CITY_MARKET_ID,33375
DEST_CITY_MARKET_ID,33377
DEST_CITY_MARKET_ID,33381
DEST_CITY_MARKET_ID,33388
DEST_CITY_MARKET_ID,33398
DEST_CITY_MARKET_ID,33408
DEST_CITY_MARKET_ID,33415
DEST_CITY_MARKET_ID,33424
DEST_CITY_MARKET_ID,33434
DEST_CITY_MARKET_ID,33436
DEST_CITY_MARKET_ID,33459
DEST_CITY_MARKET_ID,33484
DEST_CITY_MARKET_ID,33485
DEST_CITY_MARKET_ID,33486
DEST_CITY_MARKET_ID,33490
DEST_CITY_MARKET_ID,33495
DEST_CITY_MARKET_ID,33502
DEST_CITY_MARKET_ID,33504
DEST_CITY_MARKET_ID,33514
DEST_CITY_MARKET_ID,33518
DEST_CITY_MARKET_ID,33520
DEST_CITY_MARKET_ID,33532
DEST_CITY_MARKET_ID,33541
DEST_CITY_MARKET_ID,33543
DEST_CITY_MARKET_ID,33546
DEST_CITY_MARKET_ID,33547
DEST_CITY_MARKET_ID,33559
DEST_CITY_MARKET_ID,33564
DEST_CITY_MARKET_ID,33570
DEST_CITY_MARKET_ID,33574
DEST_CITY_MARKET_ID,33579
DEST_CITY_MARKET_ID,33594
DEST_CITY_MARKET_ID,33602
DEST_CITY_MARKET_ID,33604
DEST_CITY_MARKET_ID,33605
DEST_CITY_MARKET_ID,33616
DEST_CITY_MARKET_ID,33625
DEST_CITY_MARKET_ID,33654
DEST_CITY_MARKET_ID,33664
DEST_CITY_MARKET_ID,33667
DEST_CITY_MARKET_ID,33676
DEST_CITY_MARKET_ID,33692
DEST_CITY_MARKET_ID,33693
DEST_CITY_MARKET_ID,33704
DEST_CITY_MARKET_ID,33710
DEST_CITY_MARKET_ID,33714
DEST_CITY_MARKET_ID,33715
DEST_CITY_MARKET_ID,33728
DEST_CITY_MARKET_ID,33743
DEST_CITY_MARKET_ID,33765
DEST_CITY_MARKET_ID,33767
DEST_CITY_MARKET_ID,33768
DEST_CITY_MARKET_ID,33770
DEST_CITY_MARKET_ID,33785
DEST_CITY_MARKET_ID,33792
DEST_CITY_MARKET_ID,33795
DEST_CITY_MARKET_ID,33806
DEST_CITY_MARKET_ID,33826
DEST_CITY_MARKET_ID,33830
DEST_CITY_MARKET_ID,33832
DEST_CITY_MARKET_ID,33851
DEST_CITY_MARKET_ID,33853
DEST_CITY_MARKET_ID,33862
DEST_CITY_MARKET_ID,33863
DEST_CITY_MARKET_ID,33873
DEST_CITY_MARKET_ID,33890
DEST_CITY_MARKET_ID,33894
DEST_CITY_MARKET_ID,33900
DEST_CITY_MARKET_ID,33914
DEST_CITY_MARKET_ID,33917
DEST_CITY_MARKET_ID,33932
DEST_CITY_MARKET_ID,33933
DEST_CITY_MARKET_ID,33934
DEST_CITY_MARKET_ID,33935
DEST_CITY_MARKET_ID,33942
DEST_CITY_MARKET_ID,33964
DEST_CITY_MARKET_ID,33968
DEST_CITY_MARKET_ID,33970
DEST_CITY_MARKET_ID,33983
DEST_CITY_MARKET_ID,34004
DEST_CITY_MARKET_ID,34006
DEST_CITY_MARKET_ID,34012
DEST_CITY_MARKET_ID,34022
DEST_CITY_MARKET_ID,34025
DEST_CITY_MARKET_ID,34027
DEST_CITY_MARKET_ID,34028
DEST_CITY_MARKET_ID,34046
DEST_CITY_MARKET_ID,34051
DEST_CITY_MARKET_ID,34054
DEST_CITY_MARKET_ID,34057
DEST_CITY_MARKET_ID,34062
DEST_CITY_MARKET_ID,34065
DEST_CITY_MARKET_ID,34066
DEST_CITY_MARKET_ID,34081
DEST_CITY_MARKET_ID,34082
DEST_CITY_MARKET_ID,34088
DEST_CITY_MARKET_ID,34092
DEST_CITY_MARKET_ID,34100
DEST_CITY_MARKET_ID,34102
DEST_CITY_MARKET_ID,34108
DEST_CITY_MARKET_ID,34109
DEST_CITY_MARKET_ID,34113
DEST_CITY_MARKET_ID,34118
DEST_CITY_MARKET_ID,34119
DEST_CITY_MARKET_ID,34120
DEST_CITY_MARKET_ID,34125
DEST_CITY_MARKET_ID,34130
DEST_CITY_MARKET_ID,34131
DEST_CITY_MARKET_ID,34150
DEST_CITY_MARKET_ID,34153
DEST_CITY_MARKET_ID,34166
DEST_CITY_MARKET_ID,34167
DEST_CITY_MARKET_ID,34168
DEST_CITY_MARKET_ID,34186
DEST_CITY_MARKET_ID,34196
DEST_CITY_MARKET_ID,34207
DEST_CITY_MARKET_ID,34210
DEST_CITY_MARKET_ID,34222
DEST_CITY_MARKET_ID,34228
DEST_CITY_MARKET_ID,34229
DEST_CITY_MARKET_ID,34231
DEST_CITY_MARKET_ID,34234
DEST_CITY_MARKET_ID,34236
DEST_CITY_MARKET_ID,34237
DEST_CITY_MARKET_ID,34252
DEST_CITY_MARKET_ID,34254
DEST_CITY_MARKET_ID,34256
DEST_CITY_MARKET_ID,34259
DEST_CITY_MARKET_ID,34262
DEST_CITY_MARKET_ID,34268
DEST_CITY_MARKET_ID,34270
DEST_CITY_MARKET_ID,34273
DEST_CITY_MARKET_ID,34275
DEST_CITY_MARKET_ID,34276
DEST_CITY_MARKET_ID,34278
DEST_CITY_MARKET_ID,34286
DEST_CITY_MARKET_ID,34288
DEST_CITY_MARKET_ID,34293
DEST_CITY_MARKET_ID,34299
DEST_CITY_MARKET_ID,34303
DEST_CITY_MARKET_ID,34306
DEST_CITY_MARKET_ID,34309
DEST_CITY_MARKET_ID,34312
DEST_CITY_MARKET_ID,34314
DEST_CITY_MARKET_ID,34321
DEST_CITY_MARKET_ID,34324
DEST_CITY_MARKET_ID,34408
DEST_CITY_MARKET_ID,34412
DEST_CITY_MARKET_ID,34433
DEST_CITY_MARKET_ID,34440
DEST_CITY_MARKET_ID,34448
DEST_CITY_MARKET_ID,34451
DEST_CITY_MARKET_ID,34453
DEST_CITY_MARKET_ID,34457
DEST_CITY_MARKET_ID,34458
DEST_CITY_MARKET_ID,34464
DEST_CITY_MARKET_ID,34468
DEST_CITY_MARKET_ID,34474
DEST_CITY_MARKET_ID,34477
DEST_CITY_MARKET_ID,34485
DEST_CITY_MARKET_ID,34489
DEST_CITY_MARKET_ID,34492
DEST_CITY_MARKET_ID,34493
DEST_CITY_MARKET_ID,34496
DEST_CITY_MARKET_ID,34512
DEST_CITY_MARKET_ID,34520
DEST_CITY_MARKET_ID,34524
DEST_CITY_MARKET_ID,34534
DEST_CITY_MARKET_ID,34535
DEST_CITY_MARKET_ID,34539
DEST_CITY_MARKET_ID,34543
DEST_CITY_MARKET_ID,34559
DEST_CITY_MARKET_ID,34570
DEST_CITY_MARKET_ID,34572
DEST_CITY_MARKET_ID,34574
DEST_CITY_MARKET_ID,34576
DEST_CITY_MARKET_ID,34582
DEST_CITY_MARKET_ID,34583
DEST_CITY_MARKET_ID,34588
DEST_CITY_MARKET_ID,34614
DEST_CITY_MARKET_ID,34627
DEST_CITY_MARKET_ID,34628
DEST_CITY_MARKET_ID,34637
DEST_CITY_MARKET_ID,34645
DEST_CITY_MARKET_ID,34648
DEST_CITY_MARKET_ID,34653
DEST_CITY_MARKET_ID,34674
DEST_CITY_MARKET_ID,34677
DEST_CITY_MARKET_ID,34681
DEST_CITY_MARKET_ID,34682
DEST_CITY_MARKET_ID,34685
DEST_CITY_MARKET_ID,34689
DEST_CITY_MARKET_ID,34691
DEST_CITY_MARKET_ID,34692
DEST_CITY_MARKET_ID,34695
DEST_CITY_MARKET_ID,34696
DEST_CITY_MARKET_ID,34699
DEST_CITY_MARKET_ID,34704
DEST_CITY_MARKET_ID,34711
DEST_CITY_MARKET_ID,34716
DEST_CITY_MARKET_ID,34717
DEST_CITY_MARKET_ID,34718
DEST_CITY_MARKET_ID,34733
DEST_CITY_MARKET_ID,34738
DEST_CITY_MARKET_ID,34745
DEST_CITY_MARKET_ID,34761
DEST_CITY_MARKET_ID,34783
DEST_CITY_MARKET_ID,34794
DEST_CITY_MARKET_ID,34797
DEST_CITY_MARKET_ID,34802
DEST_CITY_MARKET_ID,34804
DEST_CITY_MARKET_ID,34805
DEST_CITY_MARKET_ID,34812
DEST_CITY_MARKET_ID,34816
DEST_CITY_MARKET_ID,34819
DEST_CITY_MARKET_ID,34828
DEST_CITY_MARKET_ID,34832
DEST_CITY_MARKET_ID,34838
DEST_CITY_MARKET_ID,34842
DEST_CITY_MARKET_ID,34849
DEST_CITY_MARKET_ID,34856
DEST_CITY_MARKET_ID,34863
DEST_CITY_MARKET_ID,34871
DEST_CITY_MARKET_ID,34875
DEST_CITY_MARKET_ID,34877
DEST_CITY_MARKET_ID,34879
DEST_CITY_MARKET_ID,34880
DEST_CITY_MARKET_ID,34884
DEST_CITY_MARKET_ID,34886
DEST_CITY_MARKET_ID,34895
DEST_CITY_MARKET_ID,34897
DEST_CITY_MARKET_ID,34905
DEST_CITY_MARKET_ID,34918
DEST_CITY_MARKET_ID,34919
DEST_CITY_MARKET_ID,34922
DEST_CITY_MARKET_ID,34924
DEST_CITY_MARKET_ID,34942
DEST_CITY_MARKET_ID,34943
DEST_CITY_MARKET_ID,34945
DEST_CITY_MARKET_ID,34952
DEST_CITY_MARKET_ID,34955
DEST_CITY_MARKET_ID,34960
DEST_CITY_MARKET_ID,34967
DEST_CITY_MARKET_ID,34986
DEST_CITY_MARKET_ID,34987
DEST_CITY_MARKET_ID,34990
DEST_CITY_MARKET_ID,34991
DEST_CITY_MARKET_ID,34992
DEST_CITY_MARKET_ID,35012
DEST_CITY_MARKET_ID,35013
DEST_CITY_MARKET_ID,35022
DEST_CITY_MARKET_ID,35041
DEST_CITY_MARKET_ID,35048
DEST_CITY_MARKET_ID,35049
DEST_CITY_MARKET_ID,35051
DEST_CITY_MARKET_ID,35052
DEST_CITY_MARKET_ID,35053
DEST_CITY_MARKET_ID,35061
DEST_CITY_MARKET_ID,35074
DEST_CITY_MARKET_ID,35084
DEST_CITY_MARKET_ID,35085
DEST_CITY_MARKET_ID,35091
DEST_CITY_MARKET_ID,35092
DEST_CITY_MARKET_ID,35096
DEST_CITY_MARKET_ID,35113
DEST_CITY_MARKET_ID,35115
DEST_CITY_MARKET_ID,35124
DEST_CITY_MARKET_ID,35125
DEST_CITY_MARKET_ID,35127
DEST_CITY_MARKET_ID,35138
DEST_CITY_MARKET_ID,35147
DEST_CITY_MARKET_ID,35160
DEST_CITY_MARKET_ID,35165
DEST_CITY_MARKET_ID,35171
DEST_CITY_MARKET_ID,35177
DEST_CITY_MARKET_ID,35192
DEST_CITY_MARKET_ID,35210
DEST_CITY_MARKET_ID,35215
DEST_CITY_MARKET_ID,35231
DEST_CITY_MARKET_ID,35232
DEST_CITY_MARKET_ID,35236
DEST_CITY_MARKET_ID,35237
DEST_CITY_MARKET_ID,35245
DEST_CITY_MARKET_ID,35249
DEST_CITY_MARKET_ID,35250
DEST_CITY_MARKET_ID,35257
DEST_CITY_MARKET_ID,35258
DEST_CITY_MARKET_ID,35277
DEST_CITY_MARKET_ID,35278
DEST_CITY_MARKET_ID,35282
DEST_CITY_MARKET_ID,35293
DEST_CITY_MARKET_ID,35306
DEST_CITY_MARKET_ID,35317
DEST_CITY_MARKET_ID,35323
DEST_CITY_MARKET_ID,35338
DEST_CITY_MARKET_ID,35356
DEST_CITY_MARKET_ID,35374
DEST_CITY_MARKET_ID,35380
DEST_CITY_MARKET_ID,35381
DEST_CITY_MARKET_ID,35385
DEST_CITY_MARKET_ID,35389
DEST_CITY_MARKET_ID,35401
DEST_CITY_MARKET_ID,35409
DEST_CITY_MARKET_ID,35411
DEST_CITY_MARKET_ID,35412
DEST_CITY_MARKET_ID,35417
DEST_CITY_MARKET_ID,35446
DEST_CITY_MARKET_ID,35454
DEST_CITY_MARKET_ID,35455
DEST_CITY_MARKET_ID,35478
DEST_CITY_MARKET_ID,35483
DEST_CITY_MARKET_ID,35497
DEST_CITY_MARKET_ID,35502
DEST_CITY_MARKET_ID,35504
DEST_CITY_MARKET_ID,35550
DEST_CITY_MARKET_ID,35554
DEST_CITY_MARKET_ID,35569
DEST_CITY_MARKET_ID,35579
DEST_CITY_MARKET_ID,35581
DEST_CITY_MARKET_ID,35582
DEST_CITY_MARKET_ID,35584
DEST_CITY_MARKET_ID,35595
DEST_CITY_MARKET_ID,35601
DEST_CITY_MARKET_ID,35626
DEST_CITY_MARKET_ID,35627
DEST_CITY_MARKET_ID,35628
DEST_CITY_MARKET_ID,35632
DEST_CITY_MARKET_ID,35689
DEST_CITY_MARKET_ID,35709
DEST_CITY_MARKET_ID,35718
DEST_CITY_MARKET_ID,35721
DEST_CITY_MARKET_ID,35725
DEST_CITY_MARKET_ID,35754
DEST_CITY_MARKET_ID,35793
DEST_CITY_MARKET_ID,35794
DEST_CITY_MARKET_ID,35798
DEST_CITY_MARKET_ID,35841
DEST_CITY_MARKET_ID,35843
DEST_CITY_MARKET_ID,35853
DEST_CITY_MARKET_ID,35855
DEST_CITY_MARKET_ID,35856
DEST_CITY_MARKET_ID,35862
DEST_CITY_MARKET_ID,35868
DEST_CITY_MARKET_ID,35885
DEST_CITY_MARKET_ID,35887
DEST_CITY_MARKET_ID,35917
DEST_CITY_MARKET_ID,35923
DEST_CITY_MARKET_ID,35991
DEST_CITY_MARKET_ID,35994
DEST_CITY_MARKET_ID,36016
DEST_CITY_MARKET_ID,36017
DEST_CITY_MARKET_ID,36039
DEST_CITY_MARKET_ID,36057
DEST_CITY_MARKET_ID,36078
DEST_CITY_MARKET_ID,36083
DEST_CITY_MARKET_ID,36085
DEST_CITY_MARKET_ID,36088
DEST_CITY_MARKET_ID,36097
DEST_CITY_MARKET_ID,36101
DEST_CITY_MARKET_ID,36106
DEST_CITY_MARKET_ID,36115
DEST_CITY_MARKET_ID,36121
DEST_CITY_MARKET_ID,36131
DEST_CITY_MARKET_ID,36133
DEST_CITY_MARKET_ID,36149
DEST_CITY_MARKET_ID,36171
DEST_CITY_MARKET_ID,36173
DEST_CITY_MARKET_ID,36174
DEST_CITY_MARKET_ID,36178
DEST_CITY_MARKET_ID,36204
DEST_CITY_MARKET_ID,36208
DEST_CITY_MARKET_ID,36232
DEST_CITY_MARKET_ID,36233
DEST_CITY_MARKET_ID,36240
DEST_CITY_MARKET_ID,36242
DEST_CITY_MARKET_ID,36252
DEST_CITY_MARKET_ID,36254
DEST_CITY_MARKET_ID,36267
DEST_CITY_MARKET_ID,36268
DEST_CITY_MARKET_ID,36293
DEST_CITY_MARKET_ID,36304
DEST_CITY_MARKET_ID,36306
DEST_CITY_MARKET_ID,36321
DEST_CITY_MARKET_ID,36340
DEST_CITY_MARKET_ID,36345
DEST_CITY_MARKET_ID,36346
DEST_CITY_MARKET_ID,36422
DEST_CITY_MARKET_ID,36553
DEST_CITY_MARKET_ID,36587
DEST_CITY_MARKET_ID,36605
DEST_CITY_MARKET_ID,36631
DEST_CITY_MARKET_ID,36756
DEST_CITY_MARKET_ID,36818
DEST_CITY_MARKET_ID,36946
ORIGIN_STATE_ABR,AK
ORIGIN_STATE_ABR,AL
ORIGIN_STATE_ABR,AR
ORIGIN_STATE_ABR,AZ
ORIGIN_STATE_ABR,CA
ORIGIN_STATE_ABR,CO
ORIGIN_STATE_ABR,CT
ORIGIN_STATE_ABR,DE
ORIGIN_STATE_ABR,FL
ORIGIN_STATE_ABR,GA
ORIGIN_STATE_ABR,HI
ORIGIN_STATE_ABR,IA
ORIGIN_STATE_ABR,ID
ORIGIN_STATE_ABR,IL
ORIGIN_STATE_ABR,IN
ORIGIN_STATE_ABR,KS
ORIGIN_STATE_ABR,KY
ORIGIN_STATE_ABR,LA
ORIGIN_STATE_ABR,MA
ORIGIN_STATE_ABR,MD
ORIGIN_STATE_ABR,ME
ORIGIN_STATE_ABR,MI
ORIGIN_STATE_ABR,MN
ORIGIN_STATE_ABR,MO
ORIGIN_STATE_ABR,MS
ORIGIN_STATE_ABR,MT
ORIGIN_STATE_ABR,NC
ORIGIN_STATE_ABR,ND
ORIGIN_STATE_ABR,NE
ORIGIN_STATE_ABR,NH
ORIGIN_STATE_ABR,NJ
ORIGIN_STATE_ABR,NM
ORIGIN_STATE_ABR,NV
ORIGIN_STATE_ABR,NY
ORIGIN_STATE_ABR,OH
ORIGIN_STATE_ABR,OK
ORIGIN_STATE_ABR,OR
ORIGIN_STATE_ABR,PA
ORIGIN_STATE_ABR,PR
ORIGIN_STATE_ABR,RI
ORIGIN_STATE_ABR,SC
ORIGIN_STATE_ABR,SD
ORIGIN_STATE_ABR,TN
ORIGIN_STATE_ABR,TT
ORIGIN_STATE_ABR,TX
ORIGIN_STATE_ABR,UT
ORIGIN_STATE_ABR,VA
ORIGIN_STATE_ABR,VI
ORIGIN_STATE_ABR,VT
ORIGIN_STATE_ABR,WA
ORIGIN_STATE_ABR,WI
ORIGIN_STATE_ABR,WV
ORIGIN_STATE_ABR,WY
ORIGIN_STATE_ABR,__MISSING__
DEST_STATE_ABR,AK
DEST_STATE_ABR,AL
DEST_STATE_ABR,AR
DEST_STATE_ABR,AZ
DEST_STATE_ABR,CA
DEST_STATE_ABR,CO
DEST_STATE_ABR,CT
DEST_STATE_ABR,DE
DEST_STATE_ABR,FL
DEST_STATE_ABR,GA
DEST_STATE_ABR,HI
DEST_STATE_ABR,IA
DEST_STATE_ABR,ID
DEST_STATE_ABR,IL
DEST_STATE_ABR,IN
DEST_STATE_ABR,KS
DEST_STATE_ABR,KY
DEST_STATE_ABR,LA
DEST_STATE_ABR,MA
DEST_STATE_ABR,MD
DEST_STATE_ABR,ME
DEST_STATE_ABR,MI
DEST_STATE_ABR,MN
DEST_STATE_ABR,MO
DEST_STATE_ABR,MS
DEST_STATE_ABR,MT
DEST_STATE_ABR,NC
DEST_STATE_ABR,ND
DEST_STATE_ABR,NE
DEST_STATE_ABR,NH
DEST_STATE_ABR,NJ
DEST_STATE_ABR,NM
DEST_STATE_ABR,NV
DEST_STATE_ABR,NY
DEST_STATE_ABR,OH
DEST_STATE_ABR,OK
DEST_STATE_ABR,OR
DEST_STATE_ABR,PA
DEST_STATE_ABR,PR
DEST_STATE_ABR,RI
DEST_STATE_ABR,SC
DEST_STATE_ABR,SD
DEST_STATE_ABR,TN
DEST_STATE_ABR,TT
DEST_STATE_ABR,TX
DEST_STATE_ABR,UT
DEST_STATE_ABR,VA
DEST_STATE_ABR,VI
DEST_STATE_ABR,VT
DEST_STATE_ABR,WA
DEST_STATE_ABR,WI
DEST_STATE_ABR,WV
DEST_STATE_ABR,WY
DEST_STATE_ABR,__MISSING__
ORIGIN_COUNTRY,AE
ORIGIN_COUNTRY,AG
ORIGIN_COUNTRY,AI
ORIGIN_COUNTRY,AN
ORIGIN_COUNTRY,AR
ORIGIN_COUNTRY,AT
ORIGIN_COUNTRY,AU
ORIGIN_COUNTRY,AW
ORIGIN_COUNTRY,BB
ORIGIN_COUNTRY,BE
ORIGIN_COUNTRY,BL
ORIGIN_COUNTRY,BM
ORIGIN_COUNTRY,BO
ORIGIN_COUNTRY,BQ
ORIGIN_COUNTRY,BR
ORIGIN_COUNTRY,BS
ORIGIN_COUNTRY,BZ
ORIGIN_COUNTRY,CA
ORIGIN_COUNTRY,CH
ORIGIN_COUNTRY,CK
ORIGIN_COUNTRY,CL
ORIGIN_COUNTRY,CN
ORIGIN_COUNTRY,CO
ORIGIN_COUNTRY,CR
ORIGIN_COUNTRY,CU
ORIGIN_COUNTRY,CV
ORIGIN_COUNTRY,CW
ORIGIN_COUNTRY,CZ
ORIGIN_COUNTRY,DE
ORIGIN_COUNTRY,DK
ORIGIN_COUNTRY,DM
ORIGIN_COUNTRY,DO
ORIGIN_COUNTRY,EC
ORIGIN_COUNTRY,EG
ORIGIN_COUNTRY,ES
ORIGIN_COUNTRY,ET
ORIGIN_COUNTRY,FI
ORIGIN_COUNTRY,FJ
ORIGIN_COUNTRY,FM
ORIGIN_COUNTRY,FR
ORIGIN_COUNTRY,GB
ORIGIN_COUNTRY,GD
ORIGIN_COUNTRY,GH
ORIGIN_COUNTRY,GP
ORIGIN_COUNTRY,GR
ORIGIN_COUNTRY,GT
ORIGIN_COUNTRY,GY
ORIGIN_COUNTRY,HK
ORIGIN_COUNTRY,HN
ORIGIN_COUNTRY,HT
ORIGIN_COUNTRY,HU
ORIGIN_COUNTRY,IE
ORIGIN_COUNTRY,IL
ORIGIN_COUNTRY,IN
ORIGIN_COUNTRY,IS
ORIGIN_COUNTRY,IT
ORIGIN_COUNTRY,JM
ORIGIN_COUNTRY,JO
ORIGIN_COUNTRY,JP
ORIGIN_COUNTRY,KI
ORIGIN_COUNTRY,KN
ORIGIN_COUNTRY,KR
ORIGIN_COUNTRY,KW
ORIGIN_COUNTRY,KY
ORIGIN_COUNTRY,LC
ORIGIN_COUNTRY,LV
ORIGIN_COUNTRY,MA
ORIGIN_COUNTRY,MH
ORIGIN_COUNTRY,MQ
ORIGIN_COUNTRY,MX
ORIGIN_COUNTRY,NG
ORIGIN_COUNTRY,NI
ORIGIN_COUNTRY,NL
ORIGIN_COUNTRY,NO
ORIGIN_COUNTRY,NZ
ORIGIN_COUNTRY,PA
ORIGIN_COUNTRY,PE
ORIGIN_COUNTRY,PF
ORIGIN_COUNTRY,PH
ORIGIN_COUNTRY,PK
ORIGIN_COUNTRY,PL
ORIGIN_COUNTRY,PT
ORIGIN_COUNTRY,PW
ORIGIN_COUNTRY,PY
ORIGIN_COUNTRY,QA
ORIGIN_COUNTRY,RS
ORIGIN_COUNTRY,RU
ORIGIN_COUNTRY,SA
ORIGIN_COUNTRY,SE
ORIGIN_COUNTRY,SG
ORIGIN_COUNTRY,SN
ORIGIN_COUNTRY,SV
ORIGIN_COUNTRY,SX
ORIGIN_COUNTRY,TC
ORIGIN_COUNTRY,TG
ORIGIN_COUNTRY,TH
ORIGIN_COUNTRY,TO
ORIGIN_COUNTRY,TR
ORIGIN_COUNTRY,TT
ORIGIN_COUNTRY,TW
ORIGIN_COUNTRY,UA
ORIGIN_COUNTRY,US
ORIGIN_COUNTRY,UY
ORIGIN_COUNTRY,VC
ORIGIN_COUNTRY,VE
ORIGIN_COUNTRY,VG
ORIGIN_COUNTRY,WS
ORIGIN_COUNTRY,ZA
DEST_COUNTRY,AE
DEST_COUNTRY,AG
DEST_COUNTRY,AI
DEST_COUNTRY,AN
DEST_COUNTRY,AR
DEST_COUNTRY,AT
DEST_COUNTRY,AU
DEST_COUNTRY,AW
DEST_COUNTRY,BB
DEST_COUNTRY,BE
DEST_COUNTRY,BH
DEST_COUNTRY,BL
DEST_COUNTRY,BM
DEST_COUNTRY,BO
DEST_COUNTRY,BQ
DEST_COUNTRY,BR
DEST_COUNTRY,BS
DEST_COUNTRY,BZ
DEST_COUNTRY,CA
DEST_COUNTRY,CH
DEST_COUNTRY,CK
DEST_COUNTRY,CL
DEST_COUNTRY,CN
DEST_COUNTRY,CO
DEST_COUNTRY,CR
DEST_COUNTRY,CU
DEST_COUNTRY,CV
DEST_COUNTRY,CW
DEST_COUNTRY,CY
DEST_COUNTRY,DE
DEST_COUNTRY,DK
DEST_COUNTRY,DM
DEST_COUNTRY,DO
DEST_COUNTRY,EC
DEST_COUNTRY,EG
DEST_COUNTRY,ES
DEST_COUNTRY,ET
DEST_COUNTRY,FI
DEST_COUNTRY,FJ
DEST_COUNTRY,FM
DEST_COUNTRY,FR
DEST_COUNTRY,GB
DEST_COUNTRY,GD
DEST_COUNTRY,GH
DEST_COUNTRY,GP
DEST_COUNTRY,GR
DEST_COUNTRY,GT
DEST_COUNTRY,GY
DEST_COUNTRY,HK
DEST_COUNTRY,HN
DEST_COUNTRY,HR
DEST_COUNTRY,HT
DEST_COUNTRY,HU
DEST_COUNTRY,IE
DEST_COUNTRY,IL
DEST_COUNTRY,IN
DEST_COUNTRY,IS
DEST_COUNTRY,IT
DEST_COUNTRY,JM
DEST_COUNTRY,JO
DEST_COUNTRY,JP
DEST_COUNTRY,KE
DEST_COUNTRY,KI
DEST_COUNTRY,KN
DEST_COUNTRY,KR
DEST_COUNTRY,KW
DEST_COUNTRY,KY
DEST_COUNTRY,LC
DEST_COUNTRY,LV
DEST_COUNTRY,MA
DEST_COUNTRY,MH
DEST_COUNTRY,MQ
DEST_COUNTRY,MX
DEST_COUNTRY,NG
DEST_COUNTRY,NI
DEST_COUNTRY,NL
DEST_COUNTRY,NO
DEST_COUNTRY,NZ
DEST_COUNTRY,PA
DEST_COUNTRY,PE
DEST_COUNTRY,PF
DEST_COUNTRY,PH
DEST_COUNTRY,PK
DEST_COUNTRY,PL
DEST_COUNTRY,PT
DEST_COUNTRY,PW
DEST_COUNTRY,QA
DEST_COUNTRY,RS
DEST_COUNTRY,RU
DEST_COUNTRY,SA
DEST_COUNTRY,SE
DEST_COUNTRY,SG
DEST_COUNTRY,SN
DEST_COUNTRY,SR
DEST_COUNTRY,SV
DEST_COUNTRY,SX
DEST_COUNTRY,TC
DEST_COUNTRY,TH
DEST_COUNTRY,TR
DEST_COUNTRY,TT
DEST_COUNTRY,TW
DEST_COUNTRY,UA
DEST_COUNTRY,US
DEST_COUNTRY,UY
DEST_COUNTRY,VC
DEST_COUNTRY,VE
DEST_COUNTRY,VG
DEST_COUNTRY,WS
DEST_COUNTRY,ZA
ORIGIN_WAC,1
ORIGIN_WAC,106
ORIGIN_WAC,11
ORIGIN_WAC,110
ORIGIN_WAC,118
ORIGIN_WAC,12
ORIGIN_WAC,127
ORIGIN_WAC,13
ORIGIN_WAC,131
ORIGIN_WAC,14
ORIGIN_WAC,148
ORIGIN_WAC,15
ORIGIN_WAC,153
ORIGIN_WAC,16
ORIGIN_WAC,162
ORIGIN_WAC,2
ORIGIN_WAC,202
ORIGIN_WAC,204
ORIGIN_WAC,205
ORIGIN_WAC,206
ORIGIN_WAC,207
ORIGIN_WAC,21
ORIGIN_WAC,219
ORIGIN_WAC,22
ORIGIN_WAC,221
ORIGIN_WAC,224
ORIGIN_WAC,23
ORIGIN_WAC,233
ORIGIN_WAC,235
ORIGIN_WAC,237
ORIGIN_WAC,238
ORIGIN_WAC,243
ORIGIN_WAC,252
ORIGIN_WAC,259
ORIGIN_WAC,260
ORIGIN_WAC,262
ORIGIN_WAC,264
ORIGIN_WAC,273
ORIGIN_WAC,275
ORIGIN_WAC,276
ORIGIN_WAC,277
ORIGIN_WAC,279
ORIGIN_WAC,280
ORIGIN_WAC,281
ORIGIN_WAC,282
ORIGIN_WAC,3
ORIGIN_WAC,303
ORIGIN_WAC,31
ORIGIN_WAC,312
ORIGIN_WAC,316
ORIGIN_WAC,324
ORIGIN_WAC,327
ORIGIN_WAC,33
ORIGIN_WAC,337
ORIGIN_WAC,34
ORIGIN_WAC,35
ORIGIN_WAC,350
ORIGIN_WAC,36
ORIGIN_WAC,365
ORIGIN_WAC,368
ORIGIN_WAC,37
ORIGIN_WAC,38
ORIGIN_WAC,385
ORIGIN_WAC,388
ORIGIN_WAC,39
ORIGIN_WAC,4
ORIGIN_WAC,403
ORIGIN_WAC,409
ORIGIN_WAC,41
ORIGIN_WAC,418
ORIGIN_WAC,419
ORIGIN_WAC,42
ORIGIN_WAC,425
ORIGIN_WAC,427
ORIGIN_WAC,429
ORIGIN_WAC,43
ORIGIN_WAC,433
ORIGIN_WAC,437
ORIGIN_WAC,439
ORIGIN_WAC,44
ORIGIN_WAC,441
ORIGIN_WAC,45
ORIGIN_WAC,450
ORIGIN_WAC,451
ORIGIN_WAC,461
ORIGIN_WAC,465
ORIGIN_WAC,467
ORIGIN_WAC,469
ORIGIN_WAC,475
ORIGIN_WAC,480
ORIGIN_WAC,482
ORIGIN_WAC,484
ORIGIN_WAC,486
ORIGIN_WAC,488
ORIGIN_WAC,493
ORIGIN_WAC,5
ORIGIN_WAC,507
ORIGIN_WAC,51
ORIGIN_WAC,52
ORIGIN_WAC,522
ORIGIN_WAC,529
ORIGIN_WAC,53
ORIGIN_WAC,54
ORIGIN_WAC,548
ORIGIN_WAC,555
ORIGIN_WAC,562
ORIGIN_WAC,569
ORIGIN_WAC,586
ORIGIN_WAC,591
ORIGIN_WAC,61
ORIGIN_WAC,62
ORIGIN_WAC,63
ORIGIN_WAC,636
ORIGIN_WAC,639
ORIGIN_WAC,64
ORIGIN_WAC,644
ORIGIN_WAC,65
ORIGIN_WAC,66
ORIGIN_WAC,664
ORIGIN_WAC,67
ORIGIN_WAC,670
ORIGIN_WAC,678
ORIGIN_WAC,679
ORIGIN_WAC,71
ORIGIN_WAC,713
ORIGIN_WAC,72
ORIGIN_WAC,729
ORIGIN_WAC,73
ORIGIN_WAC,733
ORIGIN_WAC,736
ORIGIN_WAC,74
ORIGIN_WAC,764
ORIGIN_WAC,766
ORIGIN_WAC,770
ORIGIN_WAC,776
ORIGIN_WAC,778
ORIGIN_WAC,781
ORIGIN_WAC,782
ORIGIN_WAC,802
ORIGIN_WAC,81
ORIGIN_WAC,810
ORIGIN_WAC,813
ORIGIN_WAC,82
ORIGIN_WAC,821
ORIGIN_WAC,823
ORIGIN_WAC,824
ORIGIN_WAC,83
ORIGIN_WAC,84
ORIGIN_WAC,844
ORIGIN_WAC,85
ORIGIN_WAC,851
ORIGIN_WAC,854
ORIGIN_WAC,86
ORIGIN_WAC,87
ORIGIN_WAC,88
ORIGIN_WAC,881
ORIGIN_WAC,892
ORIGIN_WAC,906
ORIGIN_WAC,91
ORIGIN_WAC,911
ORIGIN_WAC,916
ORIGIN_WAC,92
ORIGIN_WAC,921
ORIGIN_WAC,926
ORIGIN_WAC,93
ORIGIN_WAC,936
ORIGIN_WAC,941
ORIGIN_WAC,946
ORIGIN_WAC,951
ORIGIN_WAC,961
DEST_WAC,1
DEST_WAC,106
DEST_WAC,11
DEST_WAC,110
DEST_WAC,118
DEST_WAC,12
DEST_WAC,127
DEST_WAC,13
DEST_WAC,131
DEST_WAC,14
DEST_WAC,148
DEST_WAC,15
DEST_WAC,153
DEST_WAC,16
DEST_WAC,162
DEST_WAC,2
DEST_WAC,202
DEST_WAC,204
DEST_WAC,205
DEST_WAC,206
DEST_WAC,207
DEST_WAC,21
DEST_WAC,219
DEST_WAC,22
DEST_WAC,221
DEST_WAC,224
DEST_WAC,23
DEST_WAC,233
DEST_WAC,235
DEST_WAC,237
DEST_WAC,238
DEST_WAC,243
DEST_WAC,252
DEST_WAC,259
DEST_WAC,260
DEST_WAC,262
DEST_WAC,264
DEST_WAC,273
DEST_WAC,275
DEST_WAC,276
DEST_WAC,277
DEST_WAC,279
DEST_WAC,280
DEST_WAC,281
DEST_WAC,282
DEST_WAC,3
DEST_WAC,303
DEST_WAC,31
DEST_WAC,312
DEST_WAC,316
DEST_WAC,324
DEST_WAC,327
DEST_WAC,33
DEST_WAC,337
DEST_WAC,34
DEST_WAC,35
DEST_WAC,350
DEST_WAC,36
DEST_WAC,368
DEST_WAC,37
DEST_WAC,379
DEST_WAC,38
DEST_WAC,385
DEST_WAC,388
DEST_WAC,39
DEST_WAC,4
DEST_WAC,403
DEST_WAC,409
DEST_WAC,41
DEST_WAC,415
DEST_WAC,419
DEST_WAC,42
DEST_WAC,425
DEST_WAC,427
DEST_WAC,429
DEST_WAC,43
DEST_WAC,433
DEST_WAC,437
DEST_WAC,439
DEST_WAC,44
DEST_WAC,441
DEST_WAC,45
DEST_WAC,450
DEST_WAC,451
DEST_WAC,461
DEST_WAC,465
DEST_WAC,467
DEST_WAC,469
DEST_WAC,475
DEST_WAC,480
DEST_WAC,482
DEST_WAC,484
DEST_WAC,486
DEST_WAC,488
DEST_WAC,493
DEST_WAC,5
DEST_WAC,507
DEST_WAC,51
DEST_WAC,52
DEST_WAC,522
DEST_WAC,529
DEST_WAC,53
DEST_WAC,535
DEST_WAC,54
DEST_WAC,548
DEST_WAC,555
DEST_WAC,562
DEST_WAC,569
DEST_WAC,591
DEST_WAC,605
DEST_WAC,61
DEST_WAC,611
DEST_WAC,62
DEST_WAC,63
DEST_WAC,636
DEST_WAC,639
DEST_WAC,64
DEST_WAC,644
DEST_WAC,65
DEST_WAC,66
DEST_WAC,664
DEST_WAC,67
DEST_WAC,670
DEST_WAC,678
DEST_WAC,679
DEST_WAC,71
DEST_WAC,713
DEST_WAC,72
DEST_WAC,729
DEST_WAC,73
DEST_WAC,733
DEST_WAC,736
DEST_WAC,74
DEST_WAC,764
DEST_WAC,766
DEST_WAC,776
DEST_WAC,778
DEST_WAC,781
DEST_WAC,782
DEST_WAC,802
DEST_WAC,81
DEST_WAC,810
DEST_WAC,813
DEST_WAC,82
DEST_WAC,821
DEST_WAC,823
DEST_WAC,824
DEST_WAC,83
DEST_WAC,84
DEST_WAC,844
DEST_WAC,85
DEST_WAC,851
DEST_WAC,854
DEST_WAC,86
DEST_WAC,87
DEST_WAC,88
DEST_WAC,892
DEST_WAC,906
DEST_WAC,91
DEST_WAC,911
DEST_WAC,916
DEST_WAC,92
DEST_WAC,921
DEST_WAC,926
DEST_WAC,93
DEST_WAC,936
DEST_WAC,941
DEST_WAC,946
DEST_WAC,951
DEST_WAC,961
DEST_AIRPORT_CLASS,LARGE_AIRPORT
DEST_AIRPORT_CLASS,MEDIUM_AIRPORT
DEST_AIRPORT_CLASS,SEAPLANE_BASE
DEST_AIRPORT_CLASS,SMALL_AIRPORT
MONTH_OF_YEAR,1
MONTH_OF_YEAR,10
MONTH_OF_YEAR,11
MONTH_OF_YEAR,12
MONTH_OF_YEAR,2
MONTH_OF_YEAR,3
MONTH_OF_YEAR,4
MONTH_OF_YEAR,5
MONTH_OF_YEAR,6
MONTH_OF_YEAR,7
MONTH_OF_YEAR,8
MONTH_OF_YEAR,9
QUARTER_OF_YEAR,1
QUARTER_OF_YEAR,2
QUARTER_OF_YEAR,3
QUARTER_OF_YEAR,4
COVID_PERIOD,0
COVID_PERIOD,1
DEST_TRAFFIC_HUB_CLASS_LAG_1,LARGE_HUB
DEST_TRAFFIC_HUB_CLASS_LAG_1,MEDIUM_HUB
DEST_TRAFFIC_HUB_CLASS_LAG_1,NON_HUB
DEST_TRAFFIC_HUB_CLASS_LAG_1,SMALL_HUB
DEST_TRAFFIC_HUB_CLASS_LAG_1,__MISSING__
DOMINANT_AIRLINE_ID_LAG_1,19393.0
DOMINANT_AIRLINE_ID_LAG_1,19531.0
DOMINANT_AIRLINE_ID_LAG_1,19532.0
DOMINANT_AIRLINE_ID_LAG_1,19533.0
DOMINANT_AIRLINE_ID_LAG_1,19534.0
DOMINANT_AIRLINE_ID_LAG_1,19535.0
DOMINANT_AIRLINE_ID_LAG_1,19536.0
DOMINANT_AIRLINE_ID_LAG_1,19537.0
DOMINANT_AIRLINE_ID_LAG_1,19538.0
DOMINANT_AIRLINE_ID_LAG_1,19539.0
DOMINANT_AIRLINE_ID_LAG_1,19540.0
DOMINANT_AIRLINE_ID_LAG_1,19542.0
DOMINANT_AIRLINE_ID_LAG_1,19543.0
DOMINANT_AIRLINE_ID_LAG_1,19544.0
DOMINANT_AIRLINE_ID_LAG_1,19546.0
DOMINANT_AIRLINE_ID_LAG_1,19547.0
DOMINANT_AIRLINE_ID_LAG_1,19548.0
DOMINANT_AIRLINE_ID_LAG_1,19549.0
DOMINANT_AIRLINE_ID_LAG_1,19550.0
DOMINANT_AIRLINE_ID_LAG_1,19551.0
DOMINANT_AIRLINE_ID_LAG_1,19552.0
DOMINANT_AIRLINE_ID_LAG_1,19554.0
DOMINANT_AIRLINE_ID_LAG_1,19555.0
DOMINANT_AIRLINE_ID_LAG_1,19556.0
DOMINANT_AIRLINE_ID_LAG_1,19558.0
DOMINANT_AIRLINE_ID_LAG_1,19559.0
DOMINANT_AIRLINE_ID_LAG_1,19562.0
DOMINANT_AIRLINE_ID_LAG_1,19563.0
DOMINANT_AIRLINE_ID_LAG_1,19564.0
DOMINANT_AIRLINE_ID_LAG_1,19565.0
DOMINANT_AIRLINE_ID_LAG_1,19566.0
DOMINANT_AIRLINE_ID_LAG_1,19568.0
DOMINANT_AIRLINE_ID_LAG_1,19570.0
DOMINANT_AIRLINE_ID_LAG_1,19571.0
DOMINANT_AIRLINE_ID_LAG_1,19572.0
DOMINANT_AIRLINE_ID_LAG_1,19573.0
DOMINANT_AIRLINE_ID_LAG_1,19574.0
DOMINANT_AIRLINE_ID_LAG_1,19575.0
DOMINANT_AIRLINE_ID_LAG_1,19576.0
DOMINANT_AIRLINE_ID_LAG_1,19577.0
DOMINANT_AIRLINE_ID_LAG_1,19616.0
DOMINANT_AIRLINE_ID_LAG_1,19623.0
DOMINANT_AIRLINE_ID_LAG_1,19624.0
DOMINANT_AIRLINE_ID_LAG_1,19650.0
DOMINANT_AIRLINE_ID_LAG_1,19682.0
DOMINANT_AIRLINE_ID_LAG_1,19687.0
DOMINANT_AIRLINE_ID_LAG_1,19690.0
DOMINANT_AIRLINE_ID_LAG_1,19704.0
DOMINANT_AIRLINE_ID_LAG_1,19747.0
DOMINANT_AIRLINE_ID_LAG_1,19770.0
DOMINANT_AIRLINE_ID_LAG_1,19779.0
DOMINANT_AIRLINE_ID_LAG_1,19790.0
DOMINANT_AIRLINE_ID_LAG_1,19791.0
DOMINANT_AIRLINE_ID_LAG_1,19804.0
DOMINANT_AIRLINE_ID_LAG_1,19805.0
DOMINANT_AIRLINE_ID_LAG_1,19821.0
DOMINANT_AIRLINE_ID_LAG_1,19873.0
DOMINANT_AIRLINE_ID_LAG_1,19912.0
DOMINANT_AIRLINE_ID_LAG_1,19930.0
DOMINANT_AIRLINE_ID_LAG_1,19933.0
DOMINANT_AIRLINE_ID_LAG_1,19958.0
DOMINANT_AIRLINE_ID_LAG_1,19961.0
DOMINANT_AIRLINE_ID_LAG_1,19977.0
DOMINANT_AIRLINE_ID_LAG_1,20005.0
DOMINANT_AIRLINE_ID_LAG_1,20017.0
DOMINANT_AIRLINE_ID_LAG_1,20046.0
DOMINANT_AIRLINE_ID_LAG_1,20059.0
DOMINANT_AIRLINE_ID_LAG_1,20080.0
DOMINANT_AIRLINE_ID_LAG_1,20119.0
DOMINANT_AIRLINE_ID_LAG_1,20120.0
DOMINANT_AIRLINE_ID_LAG_1,20133.0
DOMINANT_AIRLINE_ID_LAG_1,20153.0
DOMINANT_AIRLINE_ID_LAG_1,20162.0
DOMINANT_AIRLINE_ID_LAG_1,20167.0
DOMINANT_AIRLINE_ID_LAG_1,20170.0
DOMINANT_AIRLINE_ID_LAG_1,20185.0
DOMINANT_AIRLINE_ID_LAG_1,20188.0
DOMINANT_AIRLINE_ID_LAG_1,20206.0
DOMINANT_AIRLINE_ID_LAG_1,20207.0
DOMINANT_AIRLINE_ID_LAG_1,20210.0
DOMINANT_AIRLINE_ID_LAG_1,20224.0
DOMINANT_AIRLINE_ID_LAG_1,20225.0
DOMINANT_AIRLINE_ID_LAG_1,20226.0
DOMINANT_AIRLINE_ID_LAG_1,20229.0
DOMINANT_AIRLINE_ID_LAG_1,20233.0
DOMINANT_AIRLINE_ID_LAG_1,20234.0
DOMINANT_AIRLINE_ID_LAG_1,20237.0
DOMINANT_AIRLINE_ID_LAG_1,20250.0
DOMINANT_AIRLINE_ID_LAG_1,20253.0
DOMINANT_AIRLINE_ID_LAG_1,20254.0
DOMINANT_AIRLINE_ID_LAG_1,20261.0
DOMINANT_AIRLINE_ID_LAG_1,20263.0
DOMINANT_AIRLINE_ID_LAG_1,20265.0
DOMINANT_AIRLINE_ID_LAG_1,20272.0
DOMINANT_AIRLINE_ID_LAG_1,20273.0
DOMINANT_AIRLINE_ID_LAG_1,20277.0
DOMINANT_AIRLINE_ID_LAG_1,20280.0
DOMINANT_AIRLINE_ID_LAG_1,20285.0
DOMINANT_AIRLINE_ID_LAG_1,20287.0
DOMINANT_AIRLINE_ID_LAG_1,20289.0
DOMINANT_AIRLINE_ID_LAG_1,20293.0
DOMINANT_AIRLINE_ID_LAG_1,20300.0
DOMINANT_AIRLINE_ID_LAG_1,20304.0
DOMINANT_AIRLINE_ID_LAG_1,20309.0
DOMINANT_AIRLINE_ID_LAG_1,20319.0
DOMINANT_AIRLINE_ID_LAG_1,20320.0
DOMINANT_AIRLINE_ID_LAG_1,20322.0
DOMINANT_AIRLINE_ID_LAG_1,20323.0
DOMINANT_AIRLINE_ID_LAG_1,20324.0
DOMINANT_AIRLINE_ID_LAG_1,20327.0
DOMINANT_AIRLINE_ID_LAG_1,20330.0
DOMINANT_AIRLINE_ID_LAG_1,20331.0
DOMINANT_AIRLINE_ID_LAG_1,20333.0
DOMINANT_AIRLINE_ID_LAG_1,20334.0
DOMINANT_AIRLINE_ID_LAG_1,20336.0
DOMINANT_AIRLINE_ID_LAG_1,20337.0
DOMINANT_AIRLINE_ID_LAG_1,20340.0
DOMINANT_AIRLINE_ID_LAG_1,20342.0
DOMINANT_AIRLINE_ID_LAG_1,20346.0
DOMINANT_AIRLINE_ID_LAG_1,20348.0
DOMINANT_AIRLINE_ID_LAG_1,20353.0
DOMINANT_AIRLINE_ID_LAG_1,20354.0
DOMINANT_AIRLINE_ID_LAG_1,20355.0
DOMINANT_AIRLINE_ID_LAG_1,20358.0
DOMINANT_AIRLINE_ID_LAG_1,20360.0
DOMINANT_AIRLINE_ID_LAG_1,20363.0
DOMINANT_AIRLINE_ID_LAG_1,20366.0
DOMINANT_AIRLINE_ID_LAG_1,20367.0
DOMINANT_AIRLINE_ID_LAG_1,20368.0
DOMINANT_AIRLINE_ID_LAG_1,20374.0
DOMINANT_AIRLINE_ID_LAG_1,20378.0
DOMINANT_AIRLINE_ID_LAG_1,20383.0
DOMINANT_AIRLINE_ID_LAG_1,20392.0
DOMINANT_AIRLINE_ID_LAG_1,20397.0
DOMINANT_AIRLINE_ID_LAG_1,20398.0
DOMINANT_AIRLINE_ID_LAG_1,20401.0
DOMINANT_AIRLINE_ID_LAG_1,20405.0
DOMINANT_AIRLINE_ID_LAG_1,20408.0
DOMINANT_AIRLINE_ID_LAG_1,20409.0
DOMINANT_AIRLINE_ID_LAG_1,20414.0
DOMINANT_AIRLINE_ID_LAG_1,20416.0
DOMINANT_AIRLINE_ID_LAG_1,20417.0
DOMINANT_AIRLINE_ID_LAG_1,20418.0
DOMINANT_AIRLINE_ID_LAG_1,20422.0
DOMINANT_AIRLINE_ID_LAG_1,20423.0
DOMINANT_AIRLINE_ID_LAG_1,20424.0
DOMINANT_AIRLINE_ID_LAG_1,20426.0
DOMINANT_AIRLINE_ID_LAG_1,20427.0
DOMINANT_AIRLINE_ID_LAG_1,20436.0
DOMINANT_AIRLINE_ID_LAG_1,20437.0
DOMINANT_AIRLINE_ID_LAG_1,20439.0
DOMINANT_AIRLINE_ID_LAG_1,20443.0
DOMINANT_AIRLINE_ID_LAG_1,20445.0
DOMINANT_AIRLINE_ID_LAG_1,20448.0
DOMINANT_AIRLINE_ID_LAG_1,20452.0
DOMINANT_AIRLINE_ID_LAG_1,20455.0
DOMINANT_AIRLINE_ID_LAG_1,20500.0
DOMINANT_AIRLINE_ID_LAG_1,21022.0
DOMINANT_AIRLINE_ID_LAG_1,21029.0
DOMINANT_AIRLINE_ID_LAG_1,21059.0
DOMINANT_AIRLINE_ID_LAG_1,21080.0
DOMINANT_AIRLINE_ID_LAG_1,21107.0
DOMINANT_AIRLINE_ID_LAG_1,21111.0
DOMINANT_AIRLINE_ID_LAG_1,21121.0
DOMINANT_AIRLINE_ID_LAG_1,21136.0
DOMINANT_AIRLINE_ID_LAG_1,21142.0
DOMINANT_AIRLINE_ID_LAG_1,21167.0
DOMINANT_AIRLINE_ID_LAG_1,21171.0
DOMINANT_AIRLINE_ID_LAG_1,21226.0
DOMINANT_AIRLINE_ID_LAG_1,21231.0
DOMINANT_AIRLINE_ID_LAG_1,21236.0
DOMINANT_AIRLINE_ID_LAG_1,21242.0
DOMINANT_AIRLINE_ID_LAG_1,21253.0
DOMINANT_AIRLINE_ID_LAG_1,21261.0
DOMINANT_AIRLINE_ID_LAG_1,21262.0
DOMINANT_AIRLINE_ID_LAG_1,21271.0
DOMINANT_AIRLINE_ID_LAG_1,21302.0
DOMINANT_AIRLINE_ID_LAG_1,21323.0
DOMINANT_AIRLINE_ID_LAG_1,21342.0
DOMINANT_AIRLINE_ID_LAG_1,21351.0
DOMINANT_AIRLINE_ID_LAG_1,21356.0
DOMINANT_AIRLINE_ID_LAG_1,21361.0
DOMINANT_AIRLINE_ID_LAG_1,21366.0
DOMINANT_AIRLINE_ID_LAG_1,21386.0
DOMINANT_AIRLINE_ID_LAG_1,21411.0
DOMINANT_AIRLINE_ID_LAG_1,21416.0
DOMINANT_AIRLINE_ID_LAG_1,21433.0
DOMINANT_AIRLINE_ID_LAG_1,21452.0
DOMINANT_AIRLINE_ID_LAG_1,21463.0
DOMINANT_AIRLINE_ID_LAG_1,21477.0
DOMINANT_AIRLINE_ID_LAG_1,21492.0
DOMINANT_AIRLINE_ID_LAG_1,21503.0
DOMINANT_AIRLINE_ID_LAG_1,21507.0
DOMINANT_AIRLINE_ID_LAG_1,21528.0
DOMINANT_AIRLINE_ID_LAG_1,21552.0
DOMINANT_AIRLINE_ID_LAG_1,21557.0
DOMINANT_AIRLINE_ID_LAG_1,21567.0
DOMINANT_AIRLINE_ID_LAG_1,21570.0
DOMINANT_AIRLINE_ID_LAG_1,21574.0
DOMINANT_AIRLINE_ID_LAG_1,21578.0
DOMINANT_AIRLINE_ID_LAG_1,21579.0
DOMINANT_AIRLINE_ID_LAG_1,21582.0
DOMINANT_AIRLINE_ID_LAG_1,21587.0
DOMINANT_AIRLINE_ID_LAG_1,21592.0
DOMINANT_AIRLINE_ID_LAG_1,21594.0
DOMINANT_AIRLINE_ID_LAG_1,21596.0
DOMINANT_AIRLINE_ID_LAG_1,21598.0
DOMINANT_AIRLINE_ID_LAG_1,21599.0
DOMINANT_AIRLINE_ID_LAG_1,21605.0
DOMINANT_AIRLINE_ID_LAG_1,21608.0
DOMINANT_AIRLINE_ID_LAG_1,21610.0
DOMINANT_AIRLINE_ID_LAG_1,21611.0
DOMINANT_AIRLINE_ID_LAG_1,21613.0
DOMINANT_AIRLINE_ID_LAG_1,21614.0
DOMINANT_AIRLINE_ID_LAG_1,21615.0
DOMINANT_AIRLINE_ID_LAG_1,21618.0
DOMINANT_AIRLINE_ID_LAG_1,21635.0
DOMINANT_AIRLINE_ID_LAG_1,21636.0
DOMINANT_AIRLINE_ID_LAG_1,21638.0
DOMINANT_AIRLINE_ID_LAG_1,21653.0
DOMINANT_AIRLINE_ID_LAG_1,21657.0
DOMINANT_AIRLINE_ID_LAG_1,21672.0
DOMINANT_AIRLINE_ID_LAG_1,21673.0
DOMINANT_AIRLINE_ID_LAG_1,21674.0
DOMINANT_AIRLINE_ID_LAG_1,21707.0
DOMINANT_AIRLINE_ID_LAG_1,21712.0
DOMINANT_AIRLINE_ID_LAG_1,21718.0
DOMINANT_AIRLINE_ID_LAG_1,21728.0
DOMINANT_AIRLINE_ID_LAG_1,21738.0
DOMINANT_AIRLINE_ID_LAG_1,21743.0
DOMINANT_AIRLINE_ID_LAG_1,21745.0
DOMINANT_AIRLINE_ID_LAG_1,21749.0
DOMINANT_AIRLINE_ID_LAG_1,21764.0
DOMINANT_AIRLINE_ID_LAG_1,21770.0
DOMINANT_AIRLINE_ID_LAG_1,21774.0
DOMINANT_AIRLINE_ID_LAG_1,21820.0
DOMINANT_AIRLINE_ID_LAG_1,21821.0
DOMINANT_AIRLINE_ID_LAG_1,21823.0
DOMINANT_AIRLINE_ID_LAG_1,21879.0
DOMINANT_AIRLINE_ID_LAG_1,21894.0
DOMINANT_AIRLINE_ID_LAG_1,21924.0
DOMINANT_AIRLINE_ID_LAG_1,21944.0
DOMINANT_AIRLINE_ID_LAG_1,22001.0
DOMINANT_AIRLINE_ID_LAG_1,22002.0
DOMINANT_AIRLINE_ID_LAG_1,22030.0
DOMINANT_AIRLINE_ID_LAG_1,22067.0
DOMINANT_AIRLINE_ID_LAG_1,22069.0
DOMINANT_AIRLINE_ID_LAG_1,22075.0
DOMINANT_AIRLINE_ID_LAG_1,22080.0
DOMINANT_AIRLINE_ID_LAG_1,22081.0
DOMINANT_AIRLINE_ID_LAG_1,22083.0
DOMINANT_AIRLINE_ID_LAG_1,22090.0
DOMINANT_AIRLINE_ID_LAG_1,22094.0
DOMINANT_AIRLINE_ID_LAG_1,22098.0
DOMINANT_AIRLINE_ID_LAG_1,22103.0
DOMINANT_AIRLINE_ID_LAG_1,22105.0
DOMINANT_AIRLINE_ID_LAG_1,22109.0
DOMINANT_AIRLINE_ID_LAG_1,22118.0
DOMINANT_AIRLINE_ID_LAG_1,22123.0
DOMINANT_AIRLINE_ID_LAG_1,22137.0
DOMINANT_AIRLINE_ID_LAG_1,22145.0
DOMINANT_AIRLINE_ID_LAG_1,22146.0
DOMINANT_AIRLINE_ID_LAG_1,__MISSING__
DOMINANT_CARRIER_GROUP_LAG_1,0.0
DOMINANT_CARRIER_GROUP_LAG_1,1.0
DOMINANT_CARRIER_GROUP_LAG_1,2.0
DOMINANT_CARRIER_GROUP_LAG_1,3.0
DOMINANT_CARRIER_GROUP_LAG_1,4.0
DOMINANT_CARRIER_GROUP_LAG_1,5.0
DOMINANT_CARRIER_GROUP_LAG_1,6.0
DOMINANT_CARRIER_GROUP_LAG_1,9.0
DOMINANT_CARRIER_GROUP_LAG_1,__MISSING__
ORIGIN_FAA_HUB_CLASS_REFERENCE,LARGE_HUB
ORIGIN_FAA_HUB_CLASS_REFERENCE,MEDIUM_HUB
ORIGIN_FAA_HUB_CLASS_REFERENCE,NON_HUB
ORIGIN_FAA_HUB_CLASS_REFERENCE,NOT_APPLICABLE_NON_US
ORIGIN_FAA_HUB_CLASS_REFERENCE,NOT_LISTED_NPIAS
ORIGIN_FAA_HUB_CLASS_REFERENCE,SMALL_HUB
DEST_FAA_HUB_CLASS_REFERENCE,LARGE_HUB
DEST_FAA_HUB_CLASS_REFERENCE,MEDIUM_HUB
DEST_FAA_HUB_CLASS_REFERENCE,NON_HUB
DEST_FAA_HUB_CLASS_REFERENCE,NOT_APPLICABLE_NON_US
DEST_FAA_HUB_CLASS_REFERENCE,NOT_LISTED_NPIAS
DEST_FAA_HUB_CLASS_REFERENCE,SMALL_HUB
ORIGIN_URBAN_SIZE_REFERENCE,LARGE_1M_5M
ORIGIN_URBAN_SIZE_REFERENCE,MEDIUM_250K_500K
ORIGIN_URBAN_SIZE_REFERENCE,MEDIUM_LARGE_500K_1M
ORIGIN_URBAN_SIZE_REFERENCE,MEGA_5M_PLUS
ORIGIN_URBAN_SIZE_REFERENCE,SMALL_100K_250K
ORIGIN_URBAN_SIZE_REFERENCE,UNDER_100K
DEST_URBAN_SIZE_REFERENCE,LARGE_1M_5M
DEST_URBAN_SIZE_REFERENCE,MEDIUM_250K_500K
DEST_URBAN_SIZE_REFERENCE,MEDIUM_LARGE_500K_1M
DEST_URBAN_SIZE_REFERENCE,MEGA_5M_PLUS
DEST_URBAN_SIZE_REFERENCE,SMALL_100K_250K
DEST_URBAN_SIZE_REFERENCE,UNDER_100K
